EmployeeID,FlightID
EM01121,FL00001
EM00545,FL00001
EM01715,FL00001
EM01684,FL00001
EM01805,FL00001
EM01123,FL00001
EM00719,FL00201
EM01579,FL00201
EM01405,FL00201
EM00363,FL00201
EM01773,FL00201
EM01360,FL00201
EM00061,FL00201
EM01590,FL00161
EM00207,FL00161
EM01592,FL00161
EM00638,FL00161
EM00435,FL00161
EM01336,FL00161
EM01423,FL00161
EM00141,FL00073
EM00216,FL00073
EM01713,FL00073
EM00426,FL00073
EM00169,FL00073
EM00696,FL00073
EM00978,FL00025
EM01584,FL00025
EM00753,FL00025
EM01612,FL00025
EM01654,FL00025
EM00662,FL00025
EM01304,FL00025
EM00356,FL00025
EM01021,FL00017
EM01428,FL00017
EM01497,FL00017
EM01616,FL00017
EM00310,FL00017
EM00534,FL00017
EM00482,FL00177
EM01605,FL00177
EM00212,FL00177
EM01252,FL00177
EM00019,FL00177
EM01328,FL00177
EM00830,FL00137
EM00974,FL00137
EM00182,FL00137
EM01049,FL00137
EM00750,FL00137
EM01697,FL00137
EM00896,FL00137
EM01575,FL00097
EM00920,FL00097
EM00588,FL00097
EM01104,FL00097
EM01236,FL00097
EM00053,FL00097
EM01133,FL00097
EM01596,FL00033
EM01603,FL00033
EM00889,FL00033
EM01734,FL00033
EM01258,FL00033
EM00650,FL00033
EM01322,FL00033
EM00914,FL00185
EM01483,FL00185
EM01435,FL00185
EM00353,FL00185
EM00170,FL00185
EM01609,FL00185
EM01232,FL00009
EM01711,FL00009
EM00523,FL00009
EM00339,FL00009
EM01732,FL00009
EM01510,FL00009
EM00267,FL00113
EM00541,FL00113
EM00458,FL00113
EM00101,FL00113
EM01329,FL00113
EM00375,FL00209
EM00738,FL00209
EM00388,FL00209
EM01394,FL00209
EM01259,FL00209
EM01156,FL00209
EM01251,FL00145
EM00326,FL00145
EM00555,FL00145
EM01621,FL00145
EM00480,FL00145
EM00119,FL00145
EM00864,FL00145
EM01330,FL00145
EM00841,FL00121
EM00587,FL00121
EM00153,FL00121
EM00948,FL00121
EM00624,FL00121
EM01553,FL00121
EM00076,FL00217
EM00089,FL00217
EM01542,FL00217
EM00257,FL00217
EM01257,FL00217
EM00878,FL00217
EM00752,FL00169
EM00330,FL00169
EM00009,FL00169
EM00937,FL00169
EM01673,FL00169
EM00986,FL00169
EM01311,FL00129
EM01331,FL00129
EM00835,FL00129
EM00584,FL00129
EM01086,FL00129
EM01346,FL00129
EM00332,FL00105
EM00871,FL00105
EM01547,FL00105
EM00149,FL00105
EM00098,FL00105
EM01168,FL00105
EM00354,FL00089
EM01260,FL00089
EM01522,FL00089
EM00567,FL00089
EM00984,FL00089
EM00536,FL00081
EM00027,FL00081
EM01270,FL00081
EM00605,FL00081
EM01149,FL00081
EM01117,FL00081
EM00200,FL00081
EM00206,FL00081
EM00537,FL00065
EM00998,FL00065
EM01556,FL00065
EM01648,FL00065
EM00429,FL00065
EM01162,FL00065
EM01283,FL00041
EM00383,FL00041
EM01092,FL00041
EM00224,FL00041
EM00179,FL00041
EM00373,FL00041
EM00075,FL00041
EM01305,FL00041
EM00617,FL00153
EM00208,FL00153
EM01379,FL00153
EM01218,FL00153
EM00760,FL00153
EM01401,FL00153
EM00450,FL00153
EM01043,FL00057
EM00370,FL00057
EM00078,FL00057
EM01737,FL00057
EM00349,FL00057
EM01361,FL00057
EM01597,FL00057
EM00642,FL00049
EM01500,FL00049
EM00175,FL00049
EM01518,FL00049
EM00013,FL00049
EM00271,FL00049
EM00983,FL00049
EM00300,FL00074
EM01505,FL00074
EM00971,FL00074
EM01012,FL00074
EM00465,FL00074
EM00295,FL00074
EM01062,FL00074
EM01140,FL00010
EM00819,FL00010
EM00002,FL00010
EM00771,FL00010
EM01439,FL00010
EM01624,FL00018
EM01072,FL00018
EM00077,FL00018
EM00999,FL00018
EM00151,FL00018
EM00861,FL00018
EM00952,FL00018
EM00004,FL00186
EM01095,FL00186
EM00697,FL00186
EM01063,FL00186
EM00050,FL00186
EM00280,FL00225
EM00804,FL00225
EM01221,FL00225
EM00247,FL00225
EM01609,FL00225
EM01278,FL00225
EM00449,FL00034
EM00109,FL00034
EM00693,FL00034
EM00298,FL00034
EM00412,FL00034
EM01076,FL00034
EM00713,FL00050
EM00799,FL00050
EM01785,FL00050
EM01465,FL00050
EM00814,FL00050
EM00340,FL00050
EM00765,FL00050
EM01498,FL00050
EM01237,FL00026
EM01367,FL00026
EM00667,FL00026
EM00600,FL00026
EM01564,FL00026
EM01442,FL00026
EM01452,FL00026
EM00424,FL00026
EM01415,FL00011
EM00395,FL00011
EM01037,FL00011
EM01167,FL00011
EM01158,FL00011
EM01538,FL00011
EM01328,FL00011
EM00945,FL00011
EM00064,FL00098
EM01432,FL00098
EM01358,FL00098
EM00060,FL00098
EM01157,FL00098
EM01540,FL00098
EM00419,FL00130
EM00808,FL00130
EM01617,FL00130
EM00607,FL00130
EM00775,FL00130
EM01536,FL00130
EM00817,FL00138
EM00972,FL00138
EM01059,FL00138
EM00614,FL00138
EM01642,FL00138
EM00170,FL00138
EM01585,FL00138
EM01623,FL00002
EM00643,FL00002
EM01189,FL00002
EM00682,FL00002
EM01255,FL00002
EM01275,FL00002
EM00919,FL00002
EM01294,FL00218
EM00843,FL00218
EM01207,FL00218
EM01412,FL00218
EM00168,FL00218
EM00237,FL00218
EM00019,FL00218
EM01258,FL00233
EM00917,FL00233
EM01786,FL00233
EM01256,FL00233
EM01454,FL00233
EM01174,FL00233
EM00256,FL00233
EM00858,FL00210
EM00107,FL00210
EM01511,FL00210
EM01570,FL00210
EM01301,FL00210
EM01098,FL00210
EM01801,FL00066
EM00671,FL00066
EM01056,FL00066
EM00129,FL00066
EM01135,FL00066
EM01419,FL00066
EM01543,FL00066
EM01424,FL00090
EM01374,FL00090
EM01008,FL00090
EM01616,FL00090
EM01582,FL00090
EM00080,FL00090
EM01736,FL00170
EM00623,FL00170
EM00874,FL00170
EM01104,FL00170
EM01002,FL00170
EM00187,FL00170
EM00592,FL00170
EM01646,FL00203
EM01193,FL00203
EM01300,FL00203
EM00062,FL00203
EM01356,FL00203
EM01210,FL00203
EM01512,FL00194
EM01477,FL00194
EM01611,FL00194
EM00810,FL00194
EM00880,FL00194
EM00763,FL00194
EM00887,FL00114
EM01244,FL00114
EM00705,FL00114
EM01213,FL00114
EM01523,FL00114
EM01725,FL00114
EM00199,FL00051
EM01045,FL00051
EM00748,FL00051
EM01016,FL00051
EM00162,FL00051
EM00312,FL00051
EM01650,FL00162
EM00227,FL00162
EM00504,FL00162
EM00651,FL00162
EM00465,FL00162
EM01091,FL00162
EM01521,FL00058
EM00920,FL00058
EM01058,FL00058
EM00408,FL00058
EM00294,FL00058
EM01353,FL00058
EM00916,FL00058
EM01713,FL00122
EM00541,FL00122
EM00717,FL00122
EM00966,FL00122
EM00757,FL00122
EM00596,FL00122
EM00244,FL00122
EM00452,FL00241
EM01662,FL00241
EM00798,FL00241
EM01481,FL00241
EM01817,FL00241
EM01597,FL00241
EM01683,FL00042
EM01085,FL00042
EM01242,FL00042
EM01350,FL00042
EM00680,FL00042
EM01696,FL00042
EM01711,FL00082
EM01493,FL00082
EM00185,FL00082
EM01458,FL00082
EM00706,FL00082
EM01383,FL00082
EM00303,FL00171
EM01024,FL00171
EM00031,FL00171
EM00439,FL00171
EM01693,FL00171
EM00635,FL00171
EM01783,FL00019
EM00020,FL00019
EM01571,FL00019
EM01795,FL00019
EM00008,FL00019
EM00370,FL00067
EM01811,FL00067
EM00173,FL00067
EM00196,FL00067
EM00621,FL00067
EM00431,FL00179
EM00527,FL00179
EM00232,FL00179
EM01146,FL00179
EM00200,FL00179
EM00356,FL00179
EM01119,FL00139
EM01114,FL00139
EM00813,FL00139
EM00307,FL00139
EM00795,FL00139
EM01747,FL00139
EM00350,FL00154
EM01814,FL00154
EM00788,FL00154
EM01192,FL00154
EM01271,FL00154
EM01422,FL00131
EM00594,FL00131
EM01556,FL00131
EM01078,FL00131
EM00755,FL00131
EM00186,FL00131
EM00897,FL00249
EM00750,FL00249
EM00242,FL00249
EM01681,FL00249
EM01462,FL00249
EM00124,FL00075
EM01100,FL00075
EM00293,FL00075
EM00746,FL00075
EM00837,FL00075
EM01197,FL00226
EM01043,FL00226
EM01315,FL00226
EM01274,FL00226
EM00520,FL00226
EM01010,FL00226
EM00589,FL00187
EM01797,FL00187
EM00204,FL00187
EM00299,FL00187
EM00061,FL00187
EM01277,FL00187
EM00690,FL00187
EM01196,FL00106
EM00911,FL00106
EM00159,FL00106
EM00274,FL00106
EM00320,FL00106
EM01025,FL00106
EM00450,FL00106
EM00057,FL00043
EM01595,FL00043
EM01087,FL00043
EM01249,FL00043
EM00531,FL00043
EM00509,FL00043
EM00578,FL00257
EM00039,FL00257
EM00215,FL00257
EM01626,FL00257
EM01405,FL00257
EM01657,FL00257
EM01469,FL00257
EM00420,FL00257
EM00262,FL00163
EM00831,FL00163
EM00875,FL00163
EM01385,FL00163
EM01620,FL00163
EM01680,FL00163
EM00986,FL00163
EM00797,FL00052
EM01802,FL00052
EM01804,FL00052
EM00793,FL00052
EM01495,FL00052
EM00552,FL00052
EM00861,FL00052
EM00336,FL00068
EM00713,FL00068
EM01307,FL00068
EM00015,FL00068
EM01733,FL00068
EM01725,FL00068
EM00765,FL00068
EM01719,FL00195
EM01532,FL00195
EM00681,FL00195
EM00729,FL00195
EM01548,FL00195
EM00053,FL00195
EM01033,FL00195
EM00348,FL00195
EM00316,FL00123
EM01710,FL00123
EM00182,FL00123
EM01135,FL00123
EM01357,FL00123
EM01692,FL00172
EM01522,FL00172
EM01326,FL00172
EM01296,FL00172
EM01806,FL00172
EM01672,FL00172
EM00501,FL00172
EM01218,FL00076
EM01737,FL00076
EM00913,FL00076
EM00525,FL00076
EM00940,FL00076
EM00751,FL00076
EM01523,FL00076
EM01585,FL00076
EM01127,FL00265
EM00174,FL00265
EM00323,FL00265
EM00327,FL00265
EM00502,FL00265
EM00386,FL00265
EM00437,FL00265
EM00892,FL00211
EM00317,FL00211
EM01567,FL00211
EM01039,FL00211
EM00776,FL00211
EM01312,FL00211
EM00617,FL00140
EM00076,FL00140
EM00980,FL00140
EM00332,FL00140
EM00458,FL00140
EM00988,FL00140
EM00495,FL00140
EM01546,FL00012
EM01728,FL00012
EM00329,FL00012
EM01661,FL00012
EM01471,FL00012
EM00461,FL00012
EM01787,FL00012
EM00338,FL00012
EM00282,FL00083
EM00595,FL00083
EM01793,FL00083
EM01265,FL00083
EM00102,FL00083
EM00469,FL00099
EM01022,FL00099
EM00142,FL00099
EM01123,FL00099
EM01329,FL00099
EM00209,FL00099
EM00226,FL00219
EM00366,FL00219
EM00685,FL00219
EM00392,FL00219
EM00984,FL00219
EM00052,FL00132
EM01037,FL00132
EM00333,FL00132
EM01268,FL00132
EM01289,FL00132
EM01420,FL00132
EM01790,FL00132
EM01080,FL00132
EM01729,FL00027
EM01605,FL00027
EM00130,FL00027
EM01172,FL00027
EM01764,FL00027
EM01439,FL00027
EM00284,FL00273
EM01013,FL00273
EM00625,FL00273
EM01396,FL00273
EM00205,FL00273
EM00839,FL00273
EM01651,FL00273
EM01426,FL00147
EM00721,FL00147
EM00459,FL00147
EM00083,FL00147
EM00756,FL00147
EM00847,FL00147
EM00623,FL00035
EM01801,FL00035
EM01813,FL00035
EM00295,FL00035
EM01183,FL00035
EM00513,FL00035
EM00830,FL00003
EM00399,FL00003
EM00998,FL00003
EM01547,FL00003
EM01108,FL00003
EM00728,FL00003
EM01137,FL00003
EM00746,FL00003
EM00153,FL00091
EM01552,FL00091
EM01430,FL00091
EM00004,FL00091
EM00560,FL00091
EM01309,FL00091
EM00017,FL00091
EM00510,FL00091
EM01394,FL00053
EM00064,FL00053
EM01770,FL00053
EM01573,FL00053
EM00640,FL00053
EM00119,FL00053
EM01796,FL00053
EM00403,FL00053
EM00398,FL00234
EM01337,FL00234
EM01230,FL00234
EM01550,FL00234
EM00868,FL00234
EM01722,FL00234
EM00098,FL00234
EM01775,FL00115
EM01242,FL00115
EM00374,FL00115
EM00065,FL00115
EM00290,FL00115
EM01696,FL00115
EM00597,FL00045
EM00268,FL00045
EM01568,FL00045
EM00273,FL00045
EM01182,FL00045
EM00860,FL00045
EM01171,FL00281
EM00363,FL00281
EM00707,FL00281
EM00013,FL00281
EM01444,FL00281
EM00428,FL00281
EM00460,FL00107
EM00967,FL00107
EM00922,FL00107
EM00700,FL00107
EM01210,FL00107
EM01338,FL00107
EM00216,FL00204
EM01624,FL00204
EM01511,FL00204
EM00089,FL00204
EM01623,FL00204
EM01285,FL00204
EM00277,FL00204
EM00368,FL00013
EM00060,FL00013
EM01700,FL00013
EM00725,FL00013
EM00820,FL00013
EM00420,FL00013
EM01610,FL00266
EM01475,FL00266
EM00126,FL00266
EM00108,FL00266
EM00261,FL00266
EM00606,FL00266
EM00596,FL00266
EM01024,FL00242
EM01576,FL00242
EM00712,FL00242
EM01045,FL00242
EM00011,FL00242
EM01631,FL00242
EM01255,FL00242
EM01506,FL00059
EM00577,FL00059
EM00547,FL00059
EM00492,FL00059
EM00221,FL00059
EM01734,FL00155
EM00923,FL00155
EM00554,FL00155
EM01135,FL00155
EM00864,FL00155
EM00244,FL00155
EM00832,FL00289
EM00139,FL00289
EM00887,FL00289
EM01604,FL00289
EM00338,FL00289
EM00309,FL00289
EM00505,FL00289
EM00117,FL00020
EM00788,FL00020
EM01611,FL00020
EM00069,FL00020
EM01312,FL00020
EM01017,FL00020
EM01340,FL00084
EM00292,FL00084
EM01054,FL00084
EM00766,FL00084
EM01287,FL00084
EM01814,FL00054
EM00326,FL00054
EM00213,FL00054
EM01540,FL00054
EM00765,FL00054
EM00584,FL00077
EM01308,FL00077
EM00207,FL00077
EM01193,FL00077
EM00280,FL00077
EM01591,FL00077
EM00901,FL00077
EM00611,FL00189
EM00040,FL00189
EM01240,FL00189
EM00858,FL00189
EM00285,FL00189
EM00703,FL00189
EM00437,FL00189
EM00803,FL00069
EM01258,FL00069
EM01050,FL00069
EM00345,FL00069
EM01616,FL00069
EM01643,FL00069
EM00672,FL00069
EM00779,FL00004
EM00613,FL00004
EM00543,FL00004
EM00651,FL00004
EM00902,FL00004
EM00911,FL00092
EM01486,FL00092
EM00471,FL00092
EM00078,FL00092
EM00531,FL00092
EM00769,FL00092
EM01098,FL00092
EM01561,FL00180
EM01085,FL00180
EM00882,FL00180
EM01762,FL00180
EM00191,FL00180
EM01134,FL00180
EM01615,FL00180
EM01141,FL00108
EM01580,FL00108
EM01225,FL00108
EM01316,FL00108
EM00075,FL00108
EM01609,FL00108
EM00735,FL00297
EM01251,FL00297
EM00079,FL00297
EM00283,FL00297
EM01332,FL00297
EM01133,FL00297
EM01508,FL00297
EM00773,FL00297
EM00758,FL00133
EM01488,FL00133
EM01194,FL00133
EM01008,FL00133
EM00934,FL00133
EM00549,FL00133
EM01468,FL00133
EM00756,FL00133
EM01124,FL00258
EM01129,FL00258
EM00743,FL00258
EM00806,FL00258
EM00991,FL00258
EM00297,FL00258
EM01557,FL00141
EM01491,FL00141
EM01094,FL00141
EM00829,FL00141
EM00840,FL00141
EM00861,FL00141
EM00425,FL00227
EM00636,FL00227
EM00188,FL00227
EM00585,FL00227
EM00557,FL00227
EM01677,FL00227
EM00258,FL00227
EM00877,FL00250
EM00035,FL00250
EM01497,FL00250
EM01533,FL00250
EM01330,FL00250
EM01442,FL00250
EM00556,FL00173
EM01548,FL00173
EM00891,FL00173
EM01469,FL00173
EM00945,FL00173
EM00732,FL00243
EM00026,FL00243
EM01603,FL00243
EM00619,FL00243
EM01558,FL00243
EM01101,FL00243
EM01000,FL00243
EM01528,FL00014
EM01151,FL00014
EM00453,FL00014
EM00408,FL00014
EM01671,FL00014
EM01202,FL00014
EM00197,FL00014
EM01698,FL00305
EM00103,FL00305
EM00615,FL00305
EM01658,FL00305
EM00501,FL00305
EM00412,FL00305
EM00575,FL00290
EM00211,FL00290
EM00415,FL00290
EM01518,FL00290
EM01403,FL00290
EM00957,FL00290
EM00947,FL00212
EM01501,FL00212
EM01397,FL00212
EM00143,FL00212
EM00647,FL00212
EM00436,FL00212
EM01281,FL00164
EM00639,FL00164
EM00330,FL00164
EM00718,FL00164
EM01089,FL00164
EM00764,FL00164
EM00750,FL00220
EM00174,FL00220
EM01058,FL00220
EM01621,FL00220
EM01428,FL00220
EM01182,FL00220
EM01192,FL00220
EM01484,FL00148
EM00536,FL00148
EM01729,FL00148
EM01744,FL00148
EM00420,FL00148
EM01254,FL00148
EM01285,FL00148
EM00486,FL00196
EM00112,FL00196
EM00287,FL00196
EM01078,FL00196
EM00943,FL00196
EM00638,FL00313
EM00921,FL00313
EM00115,FL00313
EM00156,FL00313
EM00726,FL00313
EM00826,FL00313
EM01323,FL00313
EM00275,FL00313
EM01216,FL00070
EM00535,FL00070
EM01717,FL00070
EM01203,FL00070
EM00667,FL00070
EM00661,FL00070
EM00053,FL00070
EM00008,FL00070
EM00367,FL00228
EM00797,FL00228
EM01122,FL00228
EM01385,FL00228
EM00034,FL00228
EM00050,FL00228
EM00195,FL00228
EM01204,FL00060
EM01027,FL00060
EM01552,FL00060
EM00880,FL00060
EM00335,FL00060
EM01096,FL00005
EM01114,FL00005
EM01146,FL00005
EM01627,FL00005
EM00042,FL00005
EM01503,FL00005
EM00005,FL00005
EM01577,FL00124
EM00072,FL00124
EM01599,FL00124
EM01781,FL00124
EM00264,FL00124
EM00088,FL00124
EM00500,FL00124
EM00673,FL00124
EM01493,FL00274
EM00307,FL00274
EM01392,FL00274
EM00741,FL00274
EM00702,FL00274
EM01110,FL00274
EM00431,FL00028
EM00675,FL00028
EM01319,FL00028
EM00854,FL00028
EM01417,FL00028
EM00616,FL00028
EM00166,FL00028
EM00857,FL00028
EM00254,FL00321
EM01742,FL00321
EM00525,FL00321
EM01039,FL00321
EM00423,FL00321
EM00683,FL00100
EM00800,FL00100
EM00748,FL00100
EM01608,FL00100
EM01808,FL00100
EM00509,FL00100
EM00879,FL00235
EM00383,FL00235
EM01450,FL00235
EM00562,FL00235
EM00024,FL00235
EM00364,FL00235
EM00419,FL00015
EM01040,FL00015
EM00607,FL00015
EM00913,FL00015
EM00521,FL00015
EM01357,FL00015
EM00433,FL00282
EM00029,FL00282
EM01600,FL00282
EM00013,FL00282
EM00006,FL00282
EM00936,FL00282
EM01337,FL00134
EM00717,FL00134
EM00358,FL00134
EM01310,FL00134
EM00792,FL00134
EM00819,FL00036
EM01399,FL00036
EM00333,FL00036
EM00447,FL00036
EM00098,FL00036
EM01052,FL00036
EM00586,FL00046
EM01676,FL00046
EM00527,FL00046
EM00027,FL00046
EM01265,FL00046
EM00773,FL00046
EM00774,FL00149
EM01180,FL00149
EM01064,FL00149
EM01437,FL00149
EM01372,FL00149
EM01380,FL00149
EM00969,FL00149
EM00048,FL00329
EM00953,FL00329
EM01234,FL00329
EM00178,FL00329
EM00781,FL00329
EM01025,FL00329
EM01806,FL00329
EM00660,FL00329
EM00324,FL00142
EM01461,FL00142
EM00577,FL00142
EM00409,FL00142
EM00230,FL00142
EM00876,FL00142
EM00118,FL00142
EM01632,FL00142
EM00146,FL00006
EM01612,FL00006
EM00240,FL00006
EM00336,FL00006
EM00121,FL00006
EM00627,FL00006
EM00952,FL00006
EM00651,FL00006
EM00794,FL00267
EM01471,FL00267
EM01189,FL00267
EM01282,FL00267
EM00818,FL00267
EM00820,FL00267
EM01274,FL00190
EM01049,FL00190
EM00150,FL00190
EM01311,FL00190
EM00590,FL00190
EM00310,FL00190
EM00087,FL00190
EM01427,FL00181
EM00410,FL00181
EM00332,FL00181
EM01511,FL00181
EM01560,FL00181
EM00265,FL00181
EM00253,FL00181
EM00298,FL00181
EM00704,FL00125
EM00888,FL00125
EM01611,FL00125
EM01198,FL00125
EM01520,FL00125
EM01545,FL00125
EM01455,FL00125
EM01447,FL00055
EM01711,FL00055
EM01575,FL00055
EM01466,FL00055
EM01526,FL00055
EM00907,FL00021
EM01628,FL00021
EM00862,FL00021
EM00703,FL00021
EM01778,FL00021
EM00592,FL00021
EM00232,FL00298
EM00144,FL00298
EM00141,FL00298
EM00019,FL00298
EM01553,FL00298
EM00242,FL00078
EM00555,FL00078
EM01691,FL00078
EM00289,FL00078
EM01336,FL00078
EM01513,FL00078
EM00588,FL00205
EM01121,FL00205
EM00538,FL00205
EM01308,FL00205
EM01135,FL00205
EM00688,FL00205
EM00942,FL00205
EM00370,FL00061
EM00235,FL00061
EM01432,FL00061
EM00897,FL00061
EM01174,FL00061
EM01030,FL00061
EM00040,FL00116
EM00316,FL00116
EM01053,FL00116
EM01193,FL00116
EM01410,FL00116
EM00900,FL00116
EM00598,FL00116
EM00117,FL00306
EM00326,FL00306
EM00978,FL00306
EM01576,FL00306
EM00976,FL00306
EM01347,FL00306
EM01314,FL00306
EM01257,FL00306
EM01791,FL00259
EM01605,FL00259
EM00077,FL00259
EM01002,FL00259
EM00192,FL00259
EM00275,FL00259
EM01515,FL00259
EM01288,FL00345
EM00625,FL00345
EM01645,FL00345
EM01173,FL00345
EM01104,FL00345
EM01462,FL00345
EM01658,FL00345
EM01768,FL00109
EM01556,FL00109
EM00472,FL00109
EM00666,FL00109
EM00531,FL00109
EM00736,FL00109
EM00778,FL00156
EM01028,FL00156
EM00388,FL00156
EM00728,FL00156
EM01290,FL00156
EM00691,FL00156
EM01370,FL00314
EM01666,FL00314
EM00887,FL00314
EM01087,FL00314
EM00880,FL00314
EM01403,FL00314
EM00390,FL00101
EM00293,FL00101
EM00579,FL00101
EM01071,FL00101
EM00916,FL00101
EM00209,FL00101
EM01564,FL00150
EM01363,FL00150
EM01128,FL00150
EM00393,FL00150
EM01531,FL00150
EM01361,FL00150
EM01720,FL00150
EM00721,FL00221
EM00816,FL00221
EM01654,FL00221
EM00740,FL00221
EM00899,FL00221
EM00119,FL00221
EM00662,FL00221
EM00365,FL00029
EM01424,FL00029
EM00698,FL00029
EM00108,FL00029
EM00949,FL00029
EM00498,FL00029
EM01495,FL00029
EM00263,FL00085
EM00089,FL00085
EM00515,FL00085
EM01624,FL00085
EM00988,FL00085
EM00502,FL00085
EM00795,FL00085
EM00824,FL00143
EM00791,FL00143
EM01436,FL00143
EM01389,FL00143
EM01279,FL00143
EM01005,FL00330
EM01448,FL00330
EM01124,FL00330
EM00107,FL00330
EM00355,FL00330
EM01787,FL00330
EM00648,FL00330
EM00257,FL00174
EM01045,FL00174
EM00009,FL00174
EM01686,FL00174
EM00221,FL00174
EM01695,FL00236
EM00835,FL00236
EM00699,FL00236
EM00831,FL00236
EM00859,FL00236
EM01407,FL00236
EM01355,FL00236
EM00697,FL00353
EM01737,FL00353
EM00805,FL00353
EM00597,FL00353
EM01191,FL00353
EM00860,FL00353
EM00364,FL00353
EM01541,FL00353
EM00092,FL00071
EM01384,FL00071
EM00313,FL00071
EM01569,FL00071
EM00306,FL00071
EM00305,FL00071
EM00195,FL00071
EM00345,FL00251
EM01286,FL00251
EM01397,FL00251
EM00822,FL00251
EM00945,FL00251
EM00767,FL00251
EM01815,FL00047
EM00889,FL00047
EM00112,FL00047
EM00428,FL00047
EM01310,FL00047
EM00706,FL00047
EM00917,FL00299
EM00379,FL00299
EM00260,FL00299
EM01454,FL00299
EM01194,FL00299
EM01080,FL00299
EM00869,FL00299
EM01300,FL00260
EM01485,FL00260
EM00841,FL00260
EM00434,FL00260
EM00914,FL00260
EM00883,FL00260
EM00143,FL00260
EM01278,FL00260
EM00600,FL00361
EM00185,FL00361
EM00464,FL00361
EM00867,FL00361
EM00514,FL00361
EM00265,FL00361
EM00710,FL00016
EM00995,FL00016
EM01573,FL00016
EM00470,FL00016
EM01078,FL00016
EM01716,FL00291
EM00693,FL00291
EM01021,FL00291
EM01362,FL00291
EM00250,FL00291
EM01386,FL00291
EM00731,FL00197
EM00182,FL00197
EM01717,FL00197
EM01738,FL00197
EM00529,FL00197
EM01536,FL00197
EM00845,FL00197
EM01572,FL00037
EM01637,FL00037
EM00609,FL00037
EM01244,FL00037
EM01271,FL00037
EM01570,FL00037
EM00344,FL00037
EM01334,FL00229
EM00224,FL00229
EM01242,FL00229
EM01793,FL00229
EM01092,FL00229
EM01469,FL00229
EM01329,FL00229
EM00536,FL00086
EM00111,FL00086
EM01085,FL00086
EM01065,FL00086
EM00959,FL00086
EM00902,FL00086
EM00191,FL00086
EM00627,FL00086
EM00036,FL00214
EM00406,FL00214
EM00507,FL00214
EM01508,FL00214
EM01174,FL00214
EM00439,FL00214
EM00645,FL00346
EM00489,FL00346
EM01596,FL00346
EM01285,FL00346
EM01819,FL00346
EM00642,FL00369
EM01205,FL00369
EM01335,FL00369
EM01500,FL00369
EM00407,FL00369
EM00069,FL00369
EM00509,FL00369
EM00668,FL00369
EM01731,FL00165
EM00363,FL00165
EM00715,FL00165
EM00044,FL00165
EM00775,FL00165
EM00958,FL00165
EM00045,FL00283
EM00679,FL00283
EM01365,FL00283
EM00175,FL00283
EM00768,FL00283
EM01354,FL00283
EM01774,FL00283
EM00102,FL00283
EM00553,FL00079
EM01213,FL00079
EM01029,FL00079
EM01681,FL00079
EM00716,FL00079
EM00362,FL00079
EM00161,FL00377
EM01484,FL00377
EM01617,FL00377
EM00254,FL00377
EM01306,FL00377
EM00802,FL00377
EM00759,FL00377
EM01387,FL00377
EM01728,FL00182
EM01437,FL00182
EM01584,FL00182
EM01667,FL00182
EM01013,FL00182
EM00991,FL00182
EM01780,FL00182
EM00433,FL00157
EM01621,FL00157
EM00891,FL00157
EM00900,FL00157
EM01322,FL00157
EM01783,FL00338
EM00961,FL00338
EM01283,FL00338
EM01074,FL00338
EM00267,FL00338
EM01176,FL00338
EM00247,FL00338
EM00607,FL00252
EM01578,FL00252
EM01351,FL00252
EM01172,FL00252
EM00157,FL00252
EM01537,FL00252
EM01377,FL00048
EM01343,FL00048
EM00806,FL00048
EM00225,FL00048
EM00241,FL00048
EM00675,FL00222
EM00144,FL00222
EM00639,FL00222
EM00931,FL00222
EM00461,FL00222
EM01030,FL00222
EM01234,FL00315
EM01165,FL00315
EM00556,FL00315
EM00380,FL00315
EM01267,FL00315
EM00011,FL00315
EM00415,FL00206
EM00962,FL00206
EM00584,FL00206
EM00935,FL00206
EM01204,FL00206
EM01516,FL00206
EM01290,FL00206
EM01613,FL00126
EM00726,FL00126
EM01350,FL00126
EM00808,FL00126
EM00226,FL00126
EM01679,FL00126
EM01558,FL00126
EM01622,FL00268
EM01251,FL00268
EM01315,FL00268
EM00133,FL00268
EM01554,FL00268
EM00912,FL00237
EM01149,FL00237
EM00176,FL00237
EM00248,FL00237
EM00384,FL00237
EM01697,FL00237
EM01321,FL00237
EM01418,FL00237
EM00076,FL00030
EM01429,FL00030
EM00012,FL00030
EM00186,FL00030
EM00492,FL00030
EM00469,FL00135
EM00034,FL00135
EM01524,FL00135
EM00329,FL00135
EM00493,FL00135
EM01586,FL00135
EM01280,FL00385
EM00103,FL00385
EM01422,FL00385
EM01035,FL00385
EM00709,FL00385
EM01401,FL00385
EM01192,FL00385
EM00608,FL00354
EM00173,FL00354
EM00324,FL00354
EM01187,FL00354
EM00256,FL00354
EM01150,FL00354
EM01313,FL00144
EM01605,FL00144
EM00262,FL00144
EM00088,FL00144
EM01336,FL00144
EM01193,FL00007
EM00078,FL00007
EM01461,FL00007
EM01557,FL00007
EM00255,FL00007
EM01154,FL00007
EM00848,FL00007
EM00098,FL00007
EM01467,FL00393
EM00780,FL00393
EM00149,FL00393
EM00460,FL00393
EM01098,FL00393
EM00714,FL00393
EM00483,FL00307
EM01307,FL00307
EM00100,FL00307
EM00445,FL00307
EM00662,FL00307
EM01720,FL00307
EM00055,FL00307
EM00456,FL00183
EM01577,FL00183
EM00717,FL00183
EM00694,FL00183
EM01646,FL00183
EM01317,FL00183
EM00661,FL00183
EM01574,FL00183
EM00940,FL00062
EM00737,FL00062
EM00435,FL00062
EM00851,FL00062
EM01202,FL00062
EM00764,FL00062
EM00967,FL00362
EM01198,FL00362
EM01270,FL00362
EM00243,FL00362
EM00207,FL00362
EM01297,FL00362
EM00514,FL00362
EM01741,FL00056
EM01112,FL00056
EM00586,FL00056
EM01299,FL00056
EM00551,FL00056
EM01170,FL00191
EM00998,FL00191
EM01268,FL00191
EM01644,FL00191
EM00444,FL00191
EM01764,FL00191
EM01645,FL00022
EM01004,FL00022
EM01284,FL00022
EM00091,FL00022
EM00534,FL00022
EM01806,FL00022
EM00969,FL00022
EM00816,FL00276
EM01603,FL00276
EM00530,FL00276
EM01568,FL00276
EM00292,FL00276
EM00065,FL00276
EM00520,FL00276
EM00763,FL00276
EM01539,FL00158
EM00719,FL00158
EM01405,FL00158
EM01546,FL00158
EM00832,FL00158
EM00916,FL00158
EM00272,FL00158
EM00804,FL00401
EM01627,FL00401
EM00527,FL00401
EM00284,FL00401
EM01088,FL00401
EM01795,FL00401
EM01511,FL00080
EM00057,FL00080
EM00528,FL00080
EM00424,FL00080
EM01163,FL00080
EM01753,FL00102
EM00923,FL00102
EM00174,FL00102
EM00583,FL00102
EM01312,FL00102
EM01146,FL00245
EM00345,FL00245
EM00525,FL00245
EM01122,FL00245
EM01564,FL00245
EM00944,FL00245
EM00564,FL00245
EM00339,FL00370
EM00587,FL00370
EM01367,FL00370
EM00263,FL00370
EM00039,FL00370
EM01402,FL00370
EM01468,FL00370
EM01492,FL00370
EM00683,FL00117
EM01676,FL00117
EM01781,FL00117
EM00071,FL00117
EM00509,FL00117
EM01817,FL00117
EM00302,FL00117
EM00913,FL00207
EM01016,FL00207
EM00115,FL00207
EM00382,FL00207
EM01478,FL00207
EM00195,FL00207
EM00005,FL00207
EM00126,FL00072
EM00082,FL00072
EM01373,FL00072
EM01718,FL00072
EM00420,FL00072
EM00306,FL00175
EM00419,FL00175
EM00383,FL00175
EM00699,FL00175
EM00603,FL00175
EM00863,FL00175
EM00102,FL00175
EM00261,FL00331
EM01678,FL00331
EM01415,FL00331
EM01607,FL00331
EM00560,FL00331
EM00073,FL00331
EM01565,FL00331
EM01260,FL00230
EM01579,FL00230
EM00718,FL00230
EM00208,FL00230
EM00728,FL00230
EM00221,FL00230
EM01352,FL00215
EM00128,FL00215
EM00079,FL00215
EM00321,FL00215
EM01543,FL00215
EM00059,FL00215
EM01357,FL00215
EM00602,FL00292
EM01009,FL00292
EM00388,FL00292
EM00028,FL00292
EM01109,FL00292
EM00145,FL00292
EM00235,FL00409
EM00930,FL00409
EM00276,FL00409
EM00794,FL00409
EM00178,FL00409
EM00776,FL00409
EM01047,FL00409
EM00665,FL00409
EM00009,FL00339
EM00205,FL00339
EM00934,FL00339
EM00676,FL00339
EM00879,FL00339
EM01276,FL00339
EM00837,FL00339
EM00984,FL00339
EM00458,FL00136
EM00885,FL00136
EM00565,FL00136
EM00958,FL00136
EM00136,FL00136
EM01358,FL00087
EM01698,FL00087
EM01219,FL00087
EM01761,FL00087
EM00314,FL00087
EM00293,FL00152
EM01477,FL00152
EM01450,FL00152
EM00182,FL00152
EM00994,FL00152
EM00190,FL00152
EM01182,FL00152
EM00558,FL00223
EM01003,FL00223
EM00619,FL00223
EM00861,FL00223
EM00238,FL00223
EM00405,FL00223
EM00300,FL00417
EM00542,FL00417
EM00866,FL00417
EM00884,FL00417
EM01024,FL00417
EM01329,FL00417
EM01648,FL00417
EM00002,FL00261
EM00579,FL00261
EM00480,FL00261
EM01387,FL00261
EM01316,FL00261
EM00909,FL00166
EM00129,FL00166
EM01378,FL00166
EM00501,FL00166
EM01420,FL00166
EM00355,FL00166
EM00995,FL00300
EM00858,FL00300
EM01108,FL00300
EM00247,FL00300
EM00795,FL00300
EM01116,FL00300
EM00283,FL00277
EM00788,FL00277
EM00897,FL00277
EM00898,FL00277
EM00318,FL00277
EM00749,FL00277
EM01322,FL00277
EM01124,FL00425
EM00142,FL00425
EM00708,FL00425
EM01697,FL00425
EM01209,FL00425
EM00265,FL00425
EM00459,FL00038
EM01294,FL00038
EM01215,FL00038
EM00606,FL00038
EM00244,FL00038
EM01542,FL00094
EM01616,FL00094
EM00363,FL00094
EM00621,FL00094
EM00356,FL00094
EM01099,FL00127
EM01424,FL00127
EM00047,FL00127
EM01051,FL00127
EM00024,FL00127
EM01022,FL00284
EM01691,FL00284
EM01480,FL00284
EM00810,FL00284
EM01569,FL00284
EM01455,FL00284
EM01466,FL00284
EM01674,FL00284
EM00114,FL00293
EM00232,FL00293
EM00559,FL00293
EM00406,FL00293
EM01076,FL00293
EM00428,FL00293
EM00547,FL00371
EM00326,FL00371
EM00727,FL00371
EM00513,FL00371
EM01536,FL00371
EM01819,FL00371
EM00841,FL00198
EM01181,FL00198
EM01411,FL00198
EM00740,FL00198
EM00369,FL00198
EM00371,FL00198
EM01084,FL00198
EM01612,FL00363
EM00589,FL00363
EM00889,FL00363
EM01299,FL00363
EM00702,FL00363
EM01419,FL00363
EM00194,FL00433
EM00541,FL00433
EM01397,FL00433
EM01814,FL00433
EM00555,FL00433
EM00147,FL00433
EM01175,FL00433
EM00712,FL00316
EM00585,FL00316
EM00296,FL00316
EM00492,FL00316
EM00512,FL00316
EM01752,FL00316
EM00025,FL00355
EM00313,FL00355
EM00077,FL00355
EM01259,FL00355
EM01462,FL00355
EM00061,FL00355
EM00018,FL00246
EM01590,FL00246
EM00224,FL00246
EM01220,FL00246
EM00310,FL00246
EM00906,FL00023
EM01456,FL00023
EM00489,FL00023
EM00756,FL00023
EM01290,FL00023
EM01441,FL00023
EM01525,FL00063
EM01029,FL00063
EM01097,FL00063
EM01189,FL00063
EM01609,FL00063
EM00209,FL00063
EM01089,FL00063
EM00556,FL00111
EM00887,FL00111
EM00289,FL00111
EM01523,FL00111
EM01464,FL00111
EM01528,FL00159
EM01465,FL00159
EM01584,FL00159
EM00487,FL00159
EM01040,FL00159
EM01346,FL00159
EM01693,FL00159
EM01679,FL00159
EM01711,FL00347
EM00929,FL00347
EM00366,FL00347
EM01266,FL00347
EM00650,FL00347
EM01553,FL00347
EM01250,FL00253
EM00472,FL00253
EM01716,FL00253
EM00802,FL00253
EM01618,FL00253
EM01154,FL00253
EM00134,FL00184
EM00710,FL00184
EM01234,FL00184
EM01001,FL00184
EM00479,FL00184
EM00294,FL00184
EM00827,FL00184
EM00680,FL00184
EM00029,FL00231
EM00743,FL00231
EM00854,FL00231
EM01483,FL00231
EM01061,FL00231
EM00741,FL00231
EM00919,FL00231
EM01580,FL00394
EM00734,FL00394
EM00287,FL00394
EM01709,FL00394
EM01052,FL00394
EM01514,FL00441
EM00935,FL00441
EM01172,FL00441
EM00644,FL00441
EM00162,FL00441
EM00067,FL00441
EM00945,FL00441
EM00353,FL00031
EM00798,FL00031
EM00317,FL00031
EM01798,FL00031
EM00477,FL00031
EM00046,FL00031
EM01437,FL00238
EM01325,FL00238
EM01621,FL00238
EM00016,FL00238
EM00700,FL00238
EM01658,FL00238
EM00878,FL00238
EM01389,FL00238
EM00013,FL00216
EM01729,FL00216
EM01379,FL00216
EM00957,FL00216
EM01660,FL00216
EM00440,FL00216
EM00643,FL00449
EM01745,FL00449
EM00408,FL00449
EM01353,FL00449
EM00557,FL00449
EM01063,FL00449
EM01532,FL00372
EM01258,FL00372
EM00060,FL00372
EM00520,FL00372
EM00256,FL00372
EM00976,FL00378
EM00580,FL00378
EM00474,FL00378
EM01105,FL00378
EM00604,FL00378
EM00835,FL00323
EM01497,FL00323
EM00693,FL00323
EM00735,FL00323
EM01111,FL00323
EM00728,FL00323
EM00191,FL00323
EM01054,FL00199
EM00445,FL00199
EM00538,FL00199
EM01598,FL00199
EM00979,FL00199
EM00108,FL00386
EM01581,FL00386
EM01801,FL00386
EM00825,FL00386
EM00561,FL00386
EM01509,FL00465
EM00686,FL00465
EM01056,FL00465
EM01589,FL00465
EM00649,FL00465
EM01503,FL00465
EM00845,FL00465
EM01264,FL00285
EM00254,FL00285
EM01667,FL00285
EM01216,FL00285
EM00850,FL00285
EM01748,FL00285
EM00360,FL00285
EM00892,FL00008
EM00213,FL00008
EM00233,FL00008
EM00748,FL00008
EM00425,FL00008
EM00571,FL00008
EM01750,FL00008
EM01139,FL00008
EM01049,FL00418
EM00553,FL00418
EM00912,FL00418
EM00275,FL00418
EM01031,FL00418
EM00877,FL00269
EM01724,FL00269
EM00274,FL00269
EM01795,FL00269
EM00883,FL00269
EM01770,FL00160
EM01682,FL00160
EM00875,FL00160
EM00588,FL00160
EM01308,FL00160
EM00494,FL00160
EM01245,FL00160
EM00747,FL00294
EM00106,FL00294
EM01382,FL00294
EM00659,FL00294
EM01372,FL00294
EM00359,FL00294
EM01270,FL00064
EM01038,FL00064
EM00731,FL00064
EM00683,FL00064
EM01773,FL00064
EM00736,FL00064
EM00767,FL00064
EM01043,FL00402
EM00515,FL00402
EM01782,FL00402
EM00304,FL00402
EM00103,FL00402
EM00234,FL00402
EM01228,FL00402
EM01137,FL00402
EM01179,FL00309
EM00930,FL00309
EM00107,FL00309
EM01524,FL00309
EM00444,FL00309
EM00593,FL00309
EM00901,FL00309
EM00778,FL00332
EM01500,FL00332
EM01575,FL00332
EM01068,FL00332
EM00944,FL00332
EM00893,FL00192
EM00899,FL00192
EM01737,FL00192
EM01800,FL00192
EM00145,FL00192
EM00088,FL00192
EM00932,FL00224
EM01295,FL00224
EM00327,FL00224
EM00395,FL00224
EM00163,FL00224
EM00049,FL00224
EM00787,FL00224
EM01296,FL00176
EM01417,FL00176
EM00212,FL00176
EM00415,FL00176
EM00624,FL00176
EM00369,FL00176
EM00615,FL00473
EM00228,FL00473
EM01066,FL00473
EM00195,FL00473
EM01175,FL00473
EM00052,FL00317
EM00832,FL00317
EM00383,FL00317
EM00227,FL00317
EM01548,FL00317
EM01642,FL00317
EM01278,FL00317
EM01643,FL00317
EM00257,FL00458
EM01645,FL00458
EM01057,FL00458
EM01310,FL00458
EM00660,FL00458
EM01085,FL00103
EM01280,FL00103
EM01595,FL00103
EM01003,FL00103
EM00855,FL00103
EM01686,FL00103
EM00981,FL00103
EM00885,FL00232
EM00243,FL00232
EM00409,FL00232
EM00648,FL00232
EM01641,FL00232
EM01556,FL00024
EM00398,FL00024
EM00281,FL00024
EM00306,FL00024
EM01252,FL00024
EM00826,FL00024
EM00182,FL00200
EM01240,FL00200
EM01578,FL00200
EM00843,FL00200
EM00170,FL00200
EM01192,FL00200
EM01375,FL00200
EM01675,FL00286
EM01647,FL00286
EM01070,FL00286
EM01710,FL00286
EM00236,FL00286
EM01255,FL00286
EM01182,FL00286
EM00181,FL00419
EM00985,FL00419
EM00358,FL00419
EM01815,FL00419
EM00189,FL00419
EM01407,FL00419
EM00258,FL00419
EM00623,FL00088
EM01511,FL00088
EM01005,FL00088
EM00156,FL00088
EM00442,FL00088
EM00514,FL00088
EM01235,FL00088
EM01135,FL00088
EM01251,FL00167
EM00928,FL00167
EM00111,FL00167
EM01758,FL00167
EM01633,FL00167
EM01333,FL00167
EM00269,FL00167
EM00661,FL00167
EM01358,FL00118
EM01406,FL00118
EM01196,FL00118
EM00789,FL00118
EM00229,FL00118
EM01817,FL00118
EM00600,FL00340
EM00336,FL00340
EM00382,FL00340
EM01668,FL00340
EM01419,FL00340
EM00238,FL00340
EM01315,FL00096
EM01644,FL00096
EM01662,FL00096
EM01679,FL00096
EM01726,FL00096
EM01033,FL00096
EM00679,FL00410
EM00300,FL00410
EM01550,FL00410
EM01219,FL00410
EM00536,FL00410
EM00422,FL00410
EM00621,FL00410
EM01810,FL00239
EM00173,FL00239
EM00349,FL00239
EM01322,FL00239
EM01502,FL00239
EM01492,FL00239
EM00982,FL00426
EM00565,FL00426
EM00222,FL00426
EM01108,FL00426
EM01084,FL00426
EM00993,FL00426
EM00507,FL00270
EM00974,FL00270
EM00125,FL00270
EM01704,FL00270
EM01341,FL00270
EM01209,FL00270
EM00206,FL00270
EM01367,FL00128
EM01008,FL00128
EM00856,FL00128
EM00726,FL00128
EM00706,FL00128
EM00802,FL00128
EM01327,FL00373
EM00970,FL00373
EM00545,FL00373
EM01467,FL00373
EM00797,FL00373
EM00309,FL00373
EM00933,FL00373
EM00854,FL00434
EM00937,FL00434
EM01695,FL00434
EM00997,FL00434
EM01026,FL00434
EM01183,FL00434
EM00757,FL00263
EM01485,FL00263
EM01742,FL00263
EM01112,FL00263
EM00417,FL00263
EM00847,FL00263
EM01564,FL00387
EM01272,FL00387
EM00978,FL00387
EM01503,FL00387
EM01354,FL00387
EM00394,FL00387
EM01268,FL00278
EM01363,FL00278
EM01744,FL00278
EM01331,FL00278
EM00699,FL00278
EM00902,FL00278
EM01025,FL00278
EM00376,FL00278
EM00165,FL00442
EM01450,FL00442
EM00581,FL00442
EM00742,FL00442
EM00828,FL00442
EM01510,FL00442
EM00404,FL00442
EM00218,FL00324
EM00554,FL00324
EM01374,FL00324
EM01613,FL00324
EM01572,FL00324
EM00755,FL00324
EM00256,FL00324
EM01377,FL00295
EM00920,FL00295
EM00406,FL00295
EM01267,FL00295
EM01210,FL00295
EM01062,FL00295
EM00816,FL00247
EM01393,FL00247
EM01600,FL00247
EM01151,FL00247
EM00250,FL00247
EM01168,FL00247
EM01139,FL00247
EM00897,FL00039
EM01100,FL00039
EM00460,FL00039
EM00919,FL00039
EM00633,FL00039
EM00901,FL00039
EM00379,FL00364
EM01488,FL00364
EM01637,FL00364
EM00578,FL00364
EM00204,FL00364
EM00400,FL00364
EM00223,FL00364
EM00618,FL00364
EM01445,FL00356
EM00267,FL00356
EM00472,FL00356
EM01149,FL00356
EM01688,FL00356
EM00567,FL00356
EM01790,FL00356
EM00594,FL00254
EM01614,FL00254
EM00020,FL00254
EM01250,FL00254
EM01386,FL00254
EM01192,FL00254
EM01798,FL00348
EM01738,FL00348
EM01506,FL00348
EM00903,FL00348
EM01356,FL00348
EM00830,FL00112
EM00390,FL00112
EM00644,FL00112
EM01740,FL00112
EM00252,FL00112
EM01699,FL00112
EM00046,FL00112
EM01052,FL00112
EM00704,FL00403
EM01104,FL00403
EM01081,FL00403
EM00799,FL00403
EM00178,FL00403
EM00939,FL00403
EM00462,FL00403
EM00730,FL00466
EM01576,FL00466
EM00469,FL00466
EM00371,FL00466
EM00424,FL00466
EM00503,FL00032
EM00585,FL00032
EM00374,FL00032
EM01397,FL00032
EM01157,FL00032
EM00564,FL00032
EM00571,FL00032
EM01028,FL00388
EM00366,FL00388
EM01127,FL00388
EM00676,FL00388
EM00388,FL00388
EM00344,FL00388
EM01101,FL00388
EM01783,FL00325
EM00433,FL00325
EM01627,FL00325
EM01350,FL00325
EM00513,FL00325
EM01105,FL00325
EM01492,FL00325
EM01173,FL00450
EM00798,FL00450
EM00040,FL00450
EM00363,FL00450
EM00258,FL00450
EM00591,FL00450
EM00703,FL00450
EM00532,FL00379
EM00207,FL00379
EM00480,FL00379
EM00140,FL00379
EM00319,FL00379
EM00241,FL00379
EM01715,FL00374
EM01171,FL00374
EM00176,FL00374
EM00998,FL00374
EM01524,FL00374
EM00789,FL00374
EM01403,FL00374
EM00315,FL00374
EM00752,FL00279
EM00539,FL00279
EM01667,FL00279
EM01321,FL00279
EM00593,FL00279
EM01269,FL00474
EM00865,FL00474
EM00395,FL00474
EM00386,FL00474
EM01316,FL00474
EM01749,FL00474
EM00966,FL00248
EM00351,FL00248
EM00959,FL00248
EM00544,FL00248
EM00800,FL00248
EM01387,FL00248
EM01047,FL00248
EM00425,FL00119
EM01370,FL00119
EM01539,FL00119
EM01599,FL00119
EM00766,FL00119
EM00335,FL00119
EM00256,FL00119
EM00779,FL00264
EM01095,FL00264
EM00732,FL00264
EM00793,FL00264
EM00290,FL00264
EM00973,FL00264
EM00069,FL00264
EM00619,FL00271
EM00278,FL00271
EM01172,FL00271
EM01006,FL00271
EM00044,FL00271
EM01687,FL00333
EM00257,FL00333
EM00930,FL00333
EM00441,FL00333
EM00328,FL00333
EM00049,FL00333
EM00858,FL00040
EM01224,FL00040
EM01765,FL00040
EM00589,FL00040
EM01025,FL00040
EM00984,FL00040
EM01296,FL00365
EM01179,FL00365
EM00226,FL00365
EM00196,FL00365
EM01150,FL00365
EM00542,FL00310
EM00640,FL00310
EM00623,FL00310
EM00181,FL00310
EM01050,FL00310
EM01632,FL00310
EM01444,FL00310
EM00734,FL00287
EM01161,FL00287
EM01319,FL00287
EM01700,FL00287
EM01333,FL00287
EM01817,FL00287
EM00584,FL00349
EM00681,FL00349
EM01480,FL00349
EM01454,FL00349
EM01184,FL00349
EM01663,FL00349
EM00986,FL00349
EM01617,FL00104
EM00316,FL00104
EM00128,FL00104
EM01334,FL00104
EM01676,FL00104
EM01018,FL00104
EM00266,FL00104
EM00632,FL00318
EM01491,FL00318
EM00813,FL00318
EM00062,FL00318
EM01652,FL00318
EM00708,FL00459
EM01318,FL00459
EM01055,FL00459
EM01064,FL00459
EM01362,FL00459
EM01457,FL00459
EM00668,FL00459
EM00052,FL00404
EM00546,FL00404
EM01041,FL00404
EM00223,FL00404
EM00155,FL00404
EM01343,FL00435
EM00260,FL00435
EM00435,FL00435
EM00927,FL00435
EM01789,FL00435
EM00592,FL00435
EM00174,FL00168
EM00114,FL00168
EM00033,FL00168
EM01514,FL00168
EM01300,FL00168
EM00943,FL00168
EM01795,FL00168
EM00240,FL00411
EM00643,FL00411
EM00031,FL00411
EM00107,FL00411
EM00253,FL00411
EM00838,FL00411
EM01263,FL00411
EM01592,FL00475
EM00754,FL00475
EM01247,FL00475
EM01581,FL00475
EM00352,FL00475
EM01680,FL00475
EM00043,FL00475
EM00944,FL00475
EM00697,FL00296
EM01230,FL00296
EM01671,FL00296
EM01432,FL00296
EM00053,FL00296
EM01545,FL00296
EM01394,FL00427
EM00560,FL00427
EM01341,FL00427
EM01595,FL00427
EM00494,FL00427
EM00666,FL00427
EM00131,FL00427
EM00530,FL00341
EM00891,FL00341
EM00699,FL00341
EM00153,FL00341
EM00991,FL00341
EM01174,FL00341
EM00875,FL00280
EM01345,FL00280
EM00579,FL00280
EM00364,FL00280
EM00444,FL00280
EM00795,FL00280
EM00868,FL00443
EM01266,FL00443
EM01253,FL00443
EM00629,FL00443
EM00926,FL00443
EM01017,FL00443
EM01271,FL00443
EM01472,FL00443
EM00139,FL00358
EM01145,FL00358
EM01216,FL00358
EM01498,FL00358
EM00191,FL00358
EM01218,FL00302
EM00675,FL00302
EM00361,FL00302
EM00398,FL00302
EM01651,FL00302
EM01451,FL00302
EM00318,FL00240
EM00124,FL00240
EM01022,FL00240
EM00347,FL00240
EM01699,FL00240
EM00547,FL00288
EM00831,FL00288
EM01288,FL00288
EM00803,FL00288
EM01193,FL00288
EM01324,FL00288
EM01110,FL00288
EM01818,FL00288
EM01587,FL00375
EM00717,FL00375
EM00559,FL00375
EM00509,FL00375
EM00720,FL00375
EM00552,FL00375
EM01042,FL00380
EM00486,FL00380
EM00012,FL00380
EM01528,FL00380
EM01106,FL00380
EM01601,FL00380
EM01031,FL00380
EM00671,FL00389
EM00126,FL00389
EM01633,FL00389
EM00322,FL00389
EM00447,FL00389
EM00350,FL00436
EM00556,FL00436
EM00794,FL00436
EM01024,FL00436
EM00773,FL00436
EM00801,FL00436
EM00218,FL00397
EM01447,FL00397
EM01339,FL00397
EM01758,FL00397
EM01736,FL00397
EM00270,FL00397
EM01137,FL00397
EM00924,FL00397
EM01521,FL00319
EM00536,FL00319
EM00956,FL00319
EM01290,FL00319
EM01709,FL00319
EM00912,FL00451
EM01153,FL00451
EM00946,FL00451
EM00442,FL00451
EM00082,FL00451
EM00386,FL00451
EM01310,FL00451
EM01046,FL00451
EM00273,FL00405
EM00109,FL00405
EM00458,FL00405
EM00044,FL00405
EM00551,FL00405
EM00735,FL00359
EM01628,FL00359
EM00015,FL00359
EM00326,FL00359
EM01610,FL00359
EM01116,FL00359
EM00772,FL00359
EM00945,FL00359
EM00555,FL00444
EM01173,FL00444
EM01382,FL00444
EM01170,FL00444
EM01749,FL00444
EM00118,FL00444
EM01808,FL00444
EM01146,FL00476
EM00004,FL00476
EM01258,FL00476
EM00258,FL00476
EM00338,FL00476
EM00426,FL00398
EM00204,FL00398
EM01087,FL00398
EM01274,FL00398
EM01707,FL00398
EM00331,FL00398
EM00034,FL00467
EM00184,FL00467
EM01112,FL00467
EM00025,FL00467
EM00691,FL00467
EM00767,FL00467
EM00259,FL00350
EM00416,FL00350
EM00307,FL00350
EM00407,FL00350
EM01560,FL00350
EM01235,FL00350
EM01679,FL00350
EM00410,FL00326
EM00797,FL00326
EM01388,FL00326
EM00800,FL00326
EM01026,FL00326
EM00186,FL00326
EM01050,FL00437
EM00760,FL00437
EM01740,FL00437
EM00703,FL00437
EM01535,FL00437
EM00666,FL00437
EM00758,FL00311
EM01289,FL00311
EM00879,FL00311
EM00843,FL00311
EM01006,FL00311
EM00513,FL00311
EM00337,FL00311
EM01422,FL00272
EM00544,FL00272
EM00833,FL00272
EM00185,FL00272
EM00748,FL00272
EM01641,FL00272
EM00618,FL00272
EM00589,FL00303
EM01415,FL00303
EM00287,FL00303
EM01272,FL00303
EM01612,FL00303
EM00420,FL00303
EM00030,FL00303
EM01114,FL00428
EM00620,FL00428
EM00575,FL00428
EM00395,FL00428
EM00462,FL00428
EM01686,FL00428
EM01661,FL00342
EM01449,FL00342
EM00565,FL00342
EM00552,FL00342
EM01725,FL00342
EM00839,FL00342
EM01142,FL00406
EM01524,FL00406
EM01760,FL00406
EM01366,FL00406
EM01133,FL00406
EM01407,FL00406
EM00849,FL00477
EM01711,FL00477
EM00339,FL00477
EM00836,FL00477
EM01233,FL00477
EM00756,FL00477
EM01540,FL00477
EM01605,FL00390
EM01769,FL00390
EM01097,FL00390
EM00137,FL00390
EM00621,FL00390
EM01495,FL00390
EM00652,FL00390
EM01185,FL00412
EM01620,FL00412
EM01539,FL00412
EM00475,FL00412
EM00055,FL00412
EM00441,FL00412
EM00610,FL00320
EM01251,FL00320
EM00076,FL00320
EM00110,FL00320
EM00291,FL00320
EM01107,FL00320
EM01074,FL00445
EM01081,FL00445
EM01151,FL00445
EM01733,FL00445
EM00693,FL00445
EM01083,FL00445
EM00596,FL00445
EM00200,FL00445
EM00734,FL00366
EM01738,FL00366
EM00408,FL00366
EM01350,FL00366
EM01147,FL00366
EM01031,FL00366
EM00091,FL00256
EM01161,FL00256
EM00550,FL00256
EM01753,FL00256
EM00277,FL00256
EM00665,FL00256
EM00902,FL00256
EM00104,FL00335
EM01334,FL00335
EM01311,FL00335
EM00660,FL00335
EM00765,FL00335
EM00863,FL00335
EM00623,FL00429
EM01411,FL00429
EM01599,FL00429
EM00573,FL00429
EM00816,FL00429
EM01680,FL00429
EM01188,FL00429
EM00122,FL00376
EM01198,FL00376
EM00173,FL00376
EM00754,FL00376
EM01538,FL00376
EM00295,FL00376
EM00932,FL00391
EM00923,FL00391
EM00274,FL00391
EM01623,FL00391
EM01018,FL00391
EM01324,FL00391
EM00981,FL00391
EM01280,FL00304
EM01035,FL00304
EM00409,FL00304
EM01436,FL00304
EM01696,FL00304
EM01368,FL00304
EM00551,FL00304
EM00257,FL00312
EM00026,FL00312
EM01528,FL00312
EM00365,FL00312
EM01066,FL00312
EM00789,FL00312
EM00297,FL00312
EM00453,FL00478
EM00814,FL00478
EM00547,FL00478
EM00658,FL00478
EM00394,FL00478
EM00930,FL00399
EM01590,FL00399
EM01325,FL00399
EM01004,FL00399
EM00186,FL00399
EM00331,FL00399
EM00436,FL00399
EM01225,FL00381
EM00255,FL00381
EM00260,FL00381
EM01137,FL00381
EM00534,FL00381
EM00940,FL00413
EM01719,FL00413
EM00164,FL00413
EM00601,FL00413
EM00720,FL00413
EM00083,FL00413
EM00848,FL00413
EM00925,FL00343
EM00600,FL00343
EM00318,FL00343
EM01698,FL00343
EM01278,FL00343
EM00872,FL00343
EM00839,FL00343
EM01745,FL00438
EM00541,FL00438
EM01603,FL00438
EM00074,FL00438
EM00511,FL00438
EM00067,FL00438
EM00241,FL00438
EM00211,FL00446
EM00819,FL00446
EM00914,FL00446
EM00947,FL00446
EM00266,FL00446
EM00505,FL00446
EM01487,FL00422
EM01393,FL00422
EM01432,FL00422
EM01781,FL00422
EM00353,FL00422
EM00662,FL00422
EM01473,FL00422
EM01731,FL00351
EM01378,FL00351
EM00607,FL00351
EM01798,FL00351
EM01404,FL00351
EM00933,FL00351
EM00896,FL00351
EM01296,FL00468
EM00888,FL00468
EM00707,FL00468
EM00469,FL00468
EM01645,FL00468
EM01175,FL00468
EM00043,FL00468
EM00667,FL00327
EM00460,FL00327
EM01215,FL00327
EM00584,FL00327
EM00151,FL00327
EM01498,FL00327
EM00668,FL00327
EM01234,FL00461
EM01288,FL00461
EM01095,FL00461
EM01543,FL00461
EM00441,FL00461
EM01127,FL00407
EM00527,FL00407
EM00532,FL00407
EM00602,FL00407
EM01264,FL00407
EM00462,FL00407
EM00118,FL00407
EM00188,FL00392
EM00890,FL00392
EM01003,FL00392
EM00076,FL00392
EM00368,FL00392
EM00916,FL00392
EM01553,FL00392
EM00665,FL00392
EM00112,FL00382
EM00576,FL00382
EM01057,FL00382
EM01608,FL00382
EM00706,FL00382
EM00197,FL00382
EM01385,FL00447
EM00207,FL00447
EM01742,FL00447
EM01240,FL00447
EM00293,FL00447
EM00250,FL00447
EM00217,FL00447
EM00802,FL00447
EM00956,FL00439
EM00525,FL00439
EM00077,FL00439
EM01785,FL00439
EM00259,FL00439
EM01309,FL00439
EM00767,FL00439
EM00779,FL00453
EM00384,FL00453
EM00303,FL00453
EM00788,FL00453
EM00338,FL00453
EM01254,FL00453
EM00050,FL00453
EM00483,FL00336
EM00336,FL00336
EM01184,FL00336
EM00564,FL00336
EM00673,FL00336
EM01574,FL00336
EM00996,FL00414
EM01352,FL00414
EM01172,FL00414
EM00471,FL00414
EM00269,FL00414
EM00674,FL00414
EM00951,FL00367
EM01542,FL00367
EM01195,FL00367
EM00702,FL00367
EM00857,FL00367
EM00163,FL00367
EM00276,FL00400
EM01573,FL00400
EM01173,FL00400
EM01236,FL00400
EM01522,FL00400
EM01233,FL00400
EM00818,FL00400
EM01554,FL00400
EM00550,FL00328
EM01465,FL00328
EM01384,FL00328
EM00474,FL00328
EM01506,FL00328
EM01423,FL00328
EM00931,FL00328
EM00716,FL00328
EM01434,FL00408
EM01392,FL00408
EM00307,FL00408
EM01483,FL00408
EM00523,FL00408
EM01210,FL00408
EM00223,FL00408
EM01074,FL00344
EM00740,FL00344
EM01054,FL00344
EM00333,FL00344
EM01394,FL00344
EM01707,FL00344
EM00145,FL00344
EM01300,FL00454
EM00761,FL00454
EM00928,FL00454
EM00226,FL00454
EM01601,FL00454
EM00441,FL00454
EM00737,FL00479
EM01027,FL00479
EM01319,FL00479
EM01472,FL00479
EM00444,FL00479
EM00199,FL00352
EM00260,FL00352
EM01557,FL00352
EM00929,FL00352
EM01358,FL00352
EM01699,FL00352
EM01544,FL00352
EM00865,FL00431
EM01171,FL00431
EM01575,FL00431
EM00973,FL00431
EM00837,FL00431
EM01609,FL00431
EM00138,FL00462
EM01427,FL00462
EM00994,FL00462
EM00715,FL00462
EM00668,FL00462
EM00869,FL00462
EM00639,FL00440
EM00323,FL00440
EM00611,FL00440
EM01048,FL00440
EM01657,FL00440
EM00851,FL00423
EM01426,FL00423
EM00078,FL00423
EM00893,FL00423
EM00305,FL00423
EM00500,FL00423
EM00395,FL00469
EM00974,FL00469
EM00735,FL00469
EM00445,FL00469
EM00917,FL00469
EM01523,FL00469
EM00403,FL00469
EM01022,FL00448
EM01097,FL00448
EM01731,FL00448
EM01225,FL00448
EM01781,FL00448
EM00860,FL00448
EM00470,FL00448
EM01178,FL00415
EM00263,FL00415
EM00111,FL00415
EM01274,FL00415
EM00282,FL00415
EM00314,FL00415
EM01107,FL00415
EM00492,FL00415
EM00023,FL00424
EM01792,FL00424
EM00888,FL00424
EM00783,FL00424
EM00275,FL00424
EM01279,FL00424
EM00042,FL00424
EM01092,FL00383
EM00629,FL00383
EM01568,FL00383
EM00200,FL00383
EM01679,FL00383
EM01808,FL00383
EM01003,FL00432
EM00300,FL00432
EM00178,FL00432
EM01613,FL00432
EM00732,FL00432
EM00520,FL00432
EM01007,FL00432
EM00615,FL00470
EM01367,FL00470
EM00543,FL00470
EM00270,FL00470
EM01418,FL00470
EM01118,FL00470
EM01037,FL00463
EM00103,FL00463
EM00757,FL00463
EM00604,FL00463
EM00770,FL00463
EM00600,FL00480
EM00694,FL00480
EM01815,FL00480
EM00847,FL00480
EM00945,FL00480
EM01395,FL00480
EM01612,FL00455
EM00079,FL00455
EM00181,FL00455
EM01734,FL00455
EM00685,FL00455
EM01510,FL00455
EM01192,FL00455
EM01545,FL00455
EM01027,FL00416
EM00326,FL00416
EM01256,FL00416
EM01818,FL00416
EM01372,FL00416
EM00579,FL00464
EM00914,FL00464
EM00971,FL00464
EM00083,FL00464
EM00722,FL00464
EM00832,FL00471
EM00433,FL00471
EM00105,FL00471
EM01754,FL00471
EM00652,FL00471
EM00408,FL00384
EM00028,FL00384
EM00293,FL00384
EM00717,FL00384
EM00161,FL00384
EM00195,FL00384
EM00859,FL00384
EM00078,FL00456
EM01016,FL00456
EM01270,FL00456
EM00085,FL00456
EM00131,FL00456
EM00834,FL00456
EM00537,FL00472
EM00879,FL00472
EM00449,FL00472
EM01244,FL00472
EM01781,FL00472
EM00952,FL00472
EM01538,FL00472
EM00720,FL00472
