EmployeeID,PhoneNum
EM00001,+84009903426
EM00002,+84722621093
EM00002,+84163967890
EM00003,+84816929870
EM00003,+84027920013
EM00004,+84687513917
EM00005,+84085332284
EM00005,+84792741984
EM00006,+84133883963
EM00007,+84814712437
EM00007,+84385371069
EM00008,+84654917830
EM00009,+84987919753
EM00009,+84388594891
EM00010,+84063851842
EM00010,+84529780879
EM00011,+84586824223
EM00011,+84647871701
EM00012,+84227845345
EM00013,+84622811928
EM00014,+84672346529
EM00015,+84332874876
EM00015,+84998911960
EM00016,+84255837542
EM00016,+84338947332
EM00017,+84066456895
EM00017,+84598610451
EM00018,+84837788274
EM00019,+84783541664
EM00019,+84142489800
EM00020,+84280307227
EM00020,+84018442026
EM00021,+84078390457
EM00022,+84622945417
EM00023,+84015625461
EM00024,+84767901229
EM00025,+84041703447
EM00026,+84334987945
EM00027,+84303130648
EM00027,+84001495312
EM00028,+84405045104
EM00029,+84082451315
EM00029,+84465895550
EM00030,+84510377739
EM00030,+84031953671
EM00031,+84343112755
EM00031,+84926477127
EM00032,+84193426379
EM00032,+84064279924
EM00033,+84145380192
EM00034,+84185565763
EM00035,+84281592856
EM00036,+84754263532
EM00037,+84844495118
EM00037,+84901609098
EM00038,+84674024370
EM00038,+84070053756
EM00039,+84154499804
EM00039,+84812337973
EM00040,+84418570763
EM00041,+84909709029
EM00041,+84615019826
EM00042,+84088916288
EM00042,+84582480670
EM00043,+84448640720
EM00044,+84610418073
EM00044,+84497045518
EM00045,+84937103196
EM00046,+84290435114
EM00046,+84279723814
EM00047,+84167446192
EM00047,+84190041874
EM00048,+84641438426
EM00048,+84708091260
EM00049,+84274831152
EM00050,+84062825076
EM00051,+84963204451
EM00052,+84487734736
EM00052,+84584133101
EM00053,+84187156998
EM00054,+84348734301
EM00054,+84693329517
EM00055,+84970097156
EM00056,+84882649934
EM00056,+84238789002
EM00057,+84929646043
EM00058,+84625528571
EM00059,+84627183908
EM00060,+84708928590
EM00061,+84181750497
EM00062,+84604966780
EM00062,+84699183106
EM00063,+84695073501
EM00063,+84837822677
EM00064,+84918330859
EM00064,+84290825413
EM00065,+84652240646
EM00066,+84578941835
EM00067,+84663284602
EM00068,+84686495473
EM00068,+84739840811
EM00069,+84069871062
EM00070,+84015343568
EM00070,+84410195714
EM00071,+84899529372
EM00072,+84723252323
EM00072,+84268957450
EM00073,+84647384686
EM00073,+84002682034
EM00074,+84734726293
EM00075,+84349113590
EM00075,+84319387600
EM00076,+84561014734
EM00076,+84189876898
EM00077,+84860473155
EM00077,+84025867245
EM00078,+84273501207
EM00079,+84975553159
EM00079,+84189544686
EM00080,+84276613029
EM00080,+84399445668
EM00081,+84489660922
EM00081,+84716043733
EM00082,+84973993205
EM00082,+84241015015
EM00083,+84189302774
EM00084,+84955757339
EM00085,+84383435865
EM00086,+84687086385
EM00087,+84303588770
EM00087,+84361469788
EM00088,+84810116474
EM00089,+84616611690
EM00090,+84255459328
EM00091,+84778061874
EM00091,+84791156670
EM00092,+84072169746
EM00093,+84803173799
EM00094,+84198656476
EM00095,+84241722201
EM00095,+84002393622
EM00096,+84378985812
EM00096,+84668086726
EM00097,+84146946723
EM00098,+84705559490
EM00099,+84378404264
EM00099,+84005893737
EM00100,+84660225638
EM00100,+84155720953
EM00101,+84591828306
EM00101,+84479798019
EM00102,+84779039694
EM00103,+84051885391
EM00104,+84441704346
EM00105,+84971107334
EM00106,+84451521921
EM00107,+84343138736
EM00108,+84232247440
EM00109,+84049185021
EM00110,+84411516139
EM00111,+84116301436
EM00112,+84820027482
EM00112,+84003239502
EM00113,+84023579375
EM00114,+84088684207
EM00114,+84664526971
EM00115,+84965784077
EM00115,+84407673548
EM00116,+84117863552
EM00116,+84022559327
EM00117,+84303266405
EM00118,+84121079414
EM00119,+84170162764
EM00120,+84235726837
EM00120,+84446854300
EM00121,+84696141039
EM00122,+84209397953
EM00123,+84749829221
EM00123,+84780535804
EM00124,+84412734130
EM00125,+84719083410
EM00126,+84065259043
EM00127,+84582558143
EM00128,+84117926090
EM00129,+84593569213
EM00130,+84170524133
EM00130,+84736746787
EM00131,+84361722856
EM00132,+84275642261
EM00132,+84277630730
EM00133,+84603747420
EM00133,+84117286998
EM00134,+84869460302
EM00135,+84042719259
EM00136,+84670781082
EM00136,+84515548080
EM00137,+84690901409
EM00138,+84965302477
EM00138,+84224546535
EM00139,+84035133650
EM00140,+84477455223
EM00141,+84977316652
EM00141,+84883680860
EM00142,+84730747335
EM00142,+84839367517
EM00143,+84387039531
EM00143,+84790609461
EM00144,+84439270863
EM00145,+84858602036
EM00146,+84817859873
EM00147,+84342509282
EM00148,+84261202056
EM00148,+84263954441
EM00149,+84970759872
EM00149,+84030593580
EM00150,+84027833782
EM00151,+84042106450
EM00152,+84898351921
EM00153,+84185186127
EM00154,+84743860368
EM00155,+84851678597
EM00155,+84843815183
EM00156,+84952253550
EM00156,+84395598659
EM00157,+84489965954
EM00158,+84923602618
EM00159,+84579586465
EM00160,+84265558034
EM00161,+84289298415
EM00162,+84311470104
EM00162,+84467029456
EM00163,+84665415581
EM00163,+84778938021
EM00164,+84349575100
EM00164,+84328323890
EM00165,+84488545626
EM00165,+84905789400
EM00166,+84733754012
EM00166,+84876132170
EM00167,+84382580117
EM00168,+84323023330
EM00169,+84181701809
EM00170,+84685838153
EM00171,+84943873388
EM00172,+84828676729
EM00172,+84981127374
EM00173,+84149399598
EM00173,+84187533168
EM00174,+84747265400
EM00175,+84855067607
EM00176,+84955937839
EM00177,+84180548980
EM00178,+84725389630
EM00178,+84871539787
EM00179,+84114652130
EM00180,+84529852420
EM00180,+84425909201
EM00181,+84026135802
EM00181,+84814368105
EM00182,+84170604560
EM00182,+84195678012
EM00183,+84710958260
EM00184,+84100153020
EM00184,+84266875554
EM00185,+84382964533
EM00186,+84821911826
EM00187,+84659810667
EM00187,+84266071200
EM00188,+84646669940
EM00188,+84388492749
EM00189,+84611718330
EM00190,+84615866871
EM00191,+84684621000
EM00191,+84936129046
EM00192,+84200267670
EM00192,+84544322165
EM00193,+84044593033
EM00194,+84974970246
EM00194,+84539682230
EM00195,+84688955392
EM00195,+84661120269
EM00196,+84604231394
EM00196,+84258178906
EM00197,+84665791845
EM00197,+84618155731
EM00198,+84498460936
EM00198,+84363163609
EM00199,+84433024420
EM00200,+84836054601
EM00201,+84257669267
EM00201,+84278464664
EM00202,+84118014492
EM00202,+84226193351
EM00203,+84530605147
EM00203,+84045704421
EM00204,+84152468133
EM00204,+84554854156
EM00205,+84783446917
EM00206,+84925235811
EM00206,+84677813275
EM00207,+84602923399
EM00207,+84207752839
EM00208,+84172108899
EM00208,+84031749609
EM00209,+84352778596
EM00210,+84765703008
EM00210,+84489502819
EM00211,+84742823463
EM00212,+84360898068
EM00212,+84719838677
EM00213,+84895406454
EM00214,+84887059897
EM00214,+84511077914
EM00215,+84108811491
EM00216,+84508700157
EM00217,+84861125072
EM00218,+84314018434
EM00218,+84077206642
EM00219,+84686485819
EM00219,+84532897335
EM00220,+84446293368
EM00220,+84293855544
EM00221,+84054993971
EM00221,+84776407405
EM00222,+84895606744
EM00223,+84148644419
EM00223,+84550260299
EM00224,+84059300277
EM00224,+84626649264
EM00225,+84767718925
EM00225,+84855272085
EM00226,+84728979217
EM00227,+84838798480
EM00227,+84974677977
EM00228,+84537814258
EM00228,+84855263373
EM00229,+84023224549
EM00229,+84216826478
EM00230,+84220637784
EM00231,+84600541109
EM00232,+84576013279
EM00233,+84438856842
EM00233,+84371839264
EM00234,+84725915294
EM00235,+84476305670
EM00235,+84556929903
EM00236,+84741156736
EM00236,+84687689007
EM00237,+84604832668
EM00237,+84299083502
EM00238,+84770005180
EM00239,+84426552982
EM00240,+84890597381
EM00240,+84912802150
EM00241,+84135613116
EM00242,+84558151524
EM00243,+84619431068
EM00243,+84179464898
EM00244,+84459839784
EM00244,+84094370202
EM00245,+84012777640
EM00245,+84270890116
EM00246,+84927555199
EM00246,+84205285365
EM00247,+84233243176
EM00247,+84460819688
EM00248,+84774144747
EM00249,+84205592763
EM00250,+84318273896
EM00250,+84350319944
EM00251,+84784339910
EM00251,+84419479611
EM00252,+84335047383
EM00253,+84820156267
EM00253,+84097069628
EM00254,+84989735470
EM00255,+84651913903
EM00256,+84553889575
EM00256,+84062657573
EM00257,+84425126874
EM00257,+84341389253
EM00258,+84231769858
EM00258,+84154657667
EM00259,+84038488442
EM00259,+84855780114
EM00260,+84320317254
EM00261,+84420346796
EM00261,+84347049388
EM00262,+84424661885
EM00262,+84517894448
EM00263,+84395043968
EM00263,+84593961368
EM00264,+84632139064
EM00264,+84411414218
EM00265,+84345788803
EM00265,+84941927322
EM00266,+84907232131
EM00266,+84156893312
EM00267,+84346603888
EM00268,+84455322910
EM00269,+84501321659
EM00270,+84165141117
EM00271,+84126039704
EM00272,+84827317474
EM00272,+84262409358
EM00273,+84144921091
EM00274,+84407547509
EM00274,+84245895413
EM00275,+84913718777
EM00276,+84896962927
EM00276,+84177111436
EM00277,+84416752263
EM00277,+84009020034
EM00278,+84513199913
EM00279,+84776323598
EM00279,+84539640759
EM00280,+84473124653
EM00280,+84185481416
EM00281,+84651533159
EM00281,+84666392412
EM00282,+84135673006
EM00282,+84309935789
EM00283,+84009531052
EM00284,+84652160257
EM00285,+84634798410
EM00286,+84298580945
EM00287,+84846651663
EM00287,+84785456764
EM00288,+84925471510
EM00288,+84352455362
EM00289,+84098640495
EM00290,+84434328380
EM00290,+84954887766
EM00291,+84191154143
EM00291,+84220587379
EM00292,+84110002982
EM00293,+84640972011
EM00294,+84428195888
EM00294,+84468738776
EM00295,+84521024712
EM00296,+84823869256
EM00296,+84765084932
EM00297,+84178788569
EM00297,+84381565346
EM00298,+84731070395
EM00299,+84847860977
EM00299,+84841533685
EM00300,+84884058010
EM00301,+84982885415
EM00301,+84020958582
EM00302,+84291000684
EM00303,+84828242052
EM00304,+84539191058
EM00305,+84448212519
EM00305,+84107167879
EM00306,+84816370472
EM00306,+84715922413
EM00307,+84503262640
EM00308,+84584250209
EM00308,+84332001968
EM00309,+84582801745
EM00310,+84953206483
EM00310,+84208900431
EM00311,+84984769558
EM00311,+84547183367
EM00312,+84325251262
EM00313,+84332586907
EM00314,+84422151899
EM00315,+84835193091
EM00316,+84468293825
EM00317,+84773566280
EM00318,+84861891099
EM00318,+84024725012
EM00319,+84743792085
EM00320,+84664261300
EM00320,+84116663409
EM00321,+84128110487
EM00322,+84819373566
EM00322,+84401865116
EM00323,+84685634351
EM00324,+84176380492
EM00324,+84866474226
EM00325,+84013302238
EM00325,+84906152308
EM00326,+84155664030
EM00327,+84266466166
EM00328,+84062497179
EM00329,+84681972192
EM00329,+84769119279
EM00330,+84342812224
EM00330,+84289011374
EM00331,+84058357897
EM00331,+84592089670
EM00332,+84846803768
EM00333,+84236729160
EM00333,+84796175201
EM00334,+84806585034
EM00335,+84531990926
EM00335,+84065304770
EM00336,+84669584628
EM00337,+84639642657
EM00338,+84547325706
EM00338,+84244482792
EM00339,+84949733633
EM00340,+84563791923
EM00341,+84711877586
EM00342,+84640962233
EM00343,+84969575736
EM00343,+84926112964
EM00344,+84176990548
EM00344,+84336243912
EM00345,+84429762458
EM00345,+84631555924
EM00346,+84209624880
EM00346,+84368267682
EM00347,+84448034036
EM00347,+84636410986
EM00348,+84927110231
EM00349,+84821131446
EM00350,+84032391707
EM00350,+84146876245
EM00351,+84732082444
EM00351,+84456113417
EM00352,+84433660605
EM00352,+84045946647
EM00353,+84681204964
EM00353,+84703526185
EM00354,+84490479849
EM00355,+84191941740
EM00355,+84185994517
EM00356,+84039785021
EM00357,+84666876389
EM00357,+84101653235
EM00358,+84649816071
EM00359,+84757427888
EM00359,+84681376227
EM00360,+84495587984
EM00360,+84844613435
EM00361,+84509012224
EM00362,+84535223070
EM00362,+84300465685
EM00363,+84921725820
EM00363,+84577388404
EM00364,+84605871845
EM00364,+84045340656
EM00365,+84937669233
EM00365,+84795215623
EM00366,+84837399251
EM00366,+84359124567
EM00367,+84486893472
EM00368,+84562369109
EM00369,+84573398720
EM00369,+84516141131
EM00370,+84206192653
EM00371,+84534842352
EM00371,+84845165105
EM00372,+84015578033
EM00373,+84822487524
EM00373,+84874909226
EM00374,+84600986118
EM00375,+84456721662
EM00375,+84887581256
EM00376,+84539757260
EM00376,+84095411005
EM00377,+84850582336
EM00377,+84530766015
EM00378,+84017309496
EM00378,+84744784931
EM00379,+84471566431
EM00380,+84513965253
EM00380,+84394487194
EM00381,+84433923222
EM00382,+84573842109
EM00382,+84510357267
EM00383,+84996636941
EM00384,+84423335590
EM00384,+84593014247
EM00385,+84427040655
EM00386,+84728393170
EM00387,+84639865039
EM00387,+84283914344
EM00388,+84947566223
EM00388,+84374956699
EM00389,+84942808332
EM00389,+84709931096
EM00390,+84134180183
EM00390,+84059291861
EM00391,+84201298651
EM00392,+84877487392
EM00392,+84562137652
EM00393,+84733136400
EM00393,+84956914834
EM00394,+84740539851
EM00394,+84419940233
EM00395,+84245503647
EM00395,+84415272152
EM00396,+84069260898
EM00397,+84761621296
EM00397,+84285688994
EM00398,+84335973326
EM00399,+84277563098
EM00400,+84924300363
EM00400,+84714801986
EM00401,+84244517995
EM00402,+84014445418
EM00403,+84032763461
EM00404,+84548180145
EM00404,+84847462817
EM00405,+84160717156
EM00405,+84820300675
EM00406,+84990263163
EM00407,+84974855693
EM00408,+84000022571
EM00408,+84213883569
EM00409,+84940229651
EM00409,+84049508854
EM00410,+84262900471
EM00410,+84464749367
EM00411,+84883082271
EM00411,+84097123282
EM00412,+84347577131
EM00412,+84298153355
EM00413,+84714623050
EM00413,+84225280109
EM00414,+84507960429
EM00414,+84919962397
EM00415,+84834775759
EM00415,+84449000129
EM00416,+84263612254
EM00416,+84114214935
EM00417,+84894473310
EM00417,+84594307415
EM00418,+84760178839
EM00418,+84140878001
EM00419,+84533183626
EM00420,+84700667362
EM00421,+84173424244
EM00422,+84995768217
EM00422,+84374344772
EM00423,+84381618224
EM00423,+84408284393
EM00424,+84896037795
EM00424,+84488263241
EM00425,+84084953908
EM00425,+84096167424
EM00426,+84762418505
EM00426,+84512859190
EM00427,+84080846056
EM00428,+84233690518
EM00428,+84590195319
EM00429,+84323695572
EM00430,+84534580449
EM00430,+84176142447
EM00431,+84532506441
EM00431,+84186356491
EM00432,+84004400663
EM00432,+84864989784
EM00433,+84071532815
EM00434,+84103871105
EM00434,+84259962486
EM00435,+84938258678
EM00436,+84842855240
EM00437,+84493957396
EM00437,+84106029987
EM00438,+84695071256
EM00439,+84125994339
EM00440,+84587557838
EM00441,+84757490127
EM00442,+84128986021
EM00442,+84015440626
EM00443,+84281475479
EM00443,+84467034118
EM00444,+84646805120
EM00444,+84466951087
EM00445,+84764533707
EM00446,+84219477475
EM00447,+84794523122
EM00448,+84677097600
EM00449,+84717452995
EM00449,+84465667507
EM00450,+84521239011
EM00451,+84376953014
EM00452,+84426270590
EM00453,+84804510184
EM00454,+84507601177
EM00455,+84564552381
EM00456,+84523929004
EM00457,+84307509823
EM00458,+84445275180
EM00458,+84622513893
EM00459,+84958672248
EM00459,+84406849323
EM00460,+84305603956
EM00461,+84706316684
EM00461,+84557102474
EM00462,+84287890751
EM00463,+84604020080
EM00463,+84939343168
EM00464,+84699592481
EM00464,+84948380722
EM00465,+84395867201
EM00466,+84449852558
EM00467,+84667896254
EM00467,+84075611928
EM00468,+84784208699
EM00468,+84543154565
EM00469,+84206294110
EM00469,+84765925481
EM00470,+84626546229
EM00471,+84996048535
EM00471,+84560603117
EM00472,+84392546177
EM00473,+84053129380
EM00474,+84337375939
EM00474,+84206535469
EM00475,+84428068429
EM00475,+84876580946
EM00476,+84365125504
EM00476,+84910599410
EM00477,+84930979561
EM00478,+84869884480
EM00478,+84713447447
EM00479,+84442500229
EM00480,+84566856156
EM00480,+84962579841
EM00481,+84862601975
EM00481,+84920416128
EM00482,+84703046363
EM00482,+84149476075
EM00483,+84315669281
EM00483,+84129523988
EM00484,+84762192978
EM00485,+84565296113
EM00486,+84775196926
EM00486,+84300549862
EM00487,+84097114877
EM00488,+84438461069
EM00488,+84492233301
EM00489,+84902443751
EM00490,+84129924497
EM00491,+84636300750
EM00491,+84820582231
EM00492,+84388773146
EM00492,+84944943638
EM00493,+84205688726
EM00494,+84240906228
EM00494,+84669777966
EM00495,+84951325914
EM00496,+84931200886
EM00497,+84748156719
EM00498,+84076474245
EM00498,+84617819064
EM00499,+84453219808
EM00499,+84133307749
EM00500,+84576910806
EM00500,+84908006848
EM00501,+84403979202
EM00501,+84482436192
EM00502,+84062295214
EM00502,+84730095200
EM00503,+84094385162
EM00503,+84945804498
EM00504,+84060657183
EM00504,+84639027269
EM00505,+84862328480
EM00505,+84018410109
EM00506,+84464228831
EM00506,+84015286298
EM00507,+84725841538
EM00507,+84963989177
EM00508,+84971951297
EM00508,+84832842624
EM00509,+84541273068
EM00510,+84973475043
EM00511,+84044419255
EM00512,+84044065328
EM00512,+84305656395
EM00513,+84954208210
EM00514,+84948739973
EM00515,+84997165904
EM00515,+84652289891
EM00516,+84009023538
EM00517,+84646930021
EM00518,+84542934370
EM00518,+84481146430
EM00519,+84992592603
EM00519,+84383582876
EM00520,+84959554366
EM00520,+84812501583
EM00521,+84251270472
EM00522,+84002693216
EM00523,+84506222699
EM00523,+84426040044
EM00524,+84029960201
EM00524,+84071546890
EM00525,+84827799797
EM00525,+84354589838
EM00526,+84326656514
EM00527,+84023099223
EM00528,+84387490748
EM00529,+84862264493
EM00530,+84343018478
EM00530,+84778687824
EM00531,+84270252171
EM00532,+84654267145
EM00532,+84670540636
EM00533,+84115161713
EM00533,+84800363632
EM00534,+84901980663
EM00534,+84856666424
EM00535,+84271480740
EM00535,+84918177939
EM00536,+84117512279
EM00537,+84647764825
EM00537,+84485294190
EM00538,+84732266652
EM00539,+84883257381
EM00540,+84674751886
EM00540,+84726930463
EM00541,+84462010915
EM00542,+84463774336
EM00542,+84716733763
EM00543,+84686114812
EM00544,+84877038204
EM00545,+84331295151
EM00546,+84923156842
EM00546,+84513212385
EM00547,+84178272750
EM00548,+84600746584
EM00549,+84315806071
EM00550,+84242140418
EM00550,+84285958312
EM00551,+84321815688
EM00552,+84049789186
EM00552,+84606166070
EM00553,+84221834030
EM00554,+84288791333
EM00555,+84817273045
EM00556,+84953306627
EM00557,+84352448696
EM00557,+84213676188
EM00558,+84944021453
EM00558,+84432931293
EM00559,+84551639862
EM00560,+84171637639
EM00561,+84383482396
EM00562,+84712193111
EM00562,+84210380385
EM00563,+84226387236
EM00564,+84503993411
EM00564,+84526157291
EM00565,+84130787617
EM00565,+84719024407
EM00566,+84040163155
EM00566,+84601645188
EM00567,+84287338770
EM00567,+84909326299
EM00568,+84566848742
EM00568,+84116435683
EM00569,+84257355276
EM00569,+84446833304
EM00570,+84020172179
EM00571,+84720024490
EM00572,+84885227954
EM00572,+84357060548
EM00573,+84061115206
EM00574,+84684148580
EM00574,+84672880201
EM00575,+84360676455
EM00576,+84585462205
EM00577,+84899787075
EM00577,+84865864224
EM00578,+84560097023
EM00578,+84819915958
EM00579,+84867752839
EM00580,+84195440757
EM00581,+84681223469
EM00582,+84582229172
EM00582,+84201844607
EM00583,+84984922039
EM00583,+84015691846
EM00584,+84785539609
EM00584,+84891788002
EM00585,+84903622520
EM00585,+84355149690
EM00586,+84170139370
EM00586,+84852708791
EM00587,+84832056004
EM00587,+84275980650
EM00588,+84647940498
EM00589,+84683045085
EM00589,+84803207045
EM00590,+84194081835
EM00591,+84273536494
EM00592,+84247346095
EM00592,+84429397922
EM00593,+84071386588
EM00593,+84869401530
EM00594,+84672292315
EM00595,+84476560130
EM00595,+84979613541
EM00596,+84103438162
EM00596,+84410786510
EM00597,+84038817158
EM00598,+84096457477
EM00598,+84643326675
EM00599,+84291442412
EM00599,+84912942253
EM00600,+84032837384
EM00601,+84159304666
EM00601,+84030002061
EM00602,+84711096522
EM00603,+84369790948
EM00603,+84360912848
EM00604,+84642715087
EM00605,+84104092084
EM00606,+84710898329
EM00606,+84971798062
EM00607,+84207016602
EM00607,+84514344406
EM00608,+84226629991
EM00609,+84862136205
EM00610,+84878575072
EM00611,+84440655300
EM00612,+84020534388
EM00613,+84534080043
EM00614,+84833676665
EM00615,+84237172775
EM00616,+84671151487
EM00617,+84839343231
EM00617,+84551027743
EM00618,+84971196425
EM00619,+84967831028
EM00619,+84159824373
EM00620,+84092096306
EM00620,+84887291042
EM00621,+84113320503
EM00622,+84701579332
EM00623,+84439666863
EM00623,+84694323451
EM00624,+84443988152
EM00624,+84093059458
EM00625,+84724935998
EM00625,+84173357823
EM00626,+84179400656
EM00627,+84241906410
EM00627,+84168286256
EM00628,+84416673652
EM00628,+84796408390
EM00629,+84522019867
EM00630,+84102220094
EM00631,+84121439084
EM00631,+84097310272
EM00632,+84551632857
EM00633,+84283980522
EM00634,+84490438392
EM00634,+84476379424
EM00635,+84105095281
EM00635,+84406906923
EM00636,+84347879558
EM00636,+84318558706
EM00637,+84224838345
EM00638,+84809506177
EM00638,+84185533632
EM00639,+84776143023
EM00640,+84106406664
EM00640,+84338962783
EM00641,+84978233444
EM00641,+84798588198
EM00642,+84030820800
EM00642,+84490665598
EM00643,+84720635174
EM00643,+84175100983
EM00644,+84483171778
EM00645,+84988432512
EM00645,+84711987692
EM00646,+84773988571
EM00646,+84262031500
EM00647,+84511169790
EM00647,+84005152624
EM00648,+84781512708
EM00649,+84926376968
EM00650,+84054072105
EM00651,+84024072954
EM00652,+84466956591
EM00652,+84088680747
EM00653,+84885896600
EM00653,+84624549552
EM00654,+84020569482
EM00655,+84249908846
EM00656,+84849539074
EM00657,+84797596235
EM00658,+84805190372
EM00658,+84906776006
EM00659,+84784146624
EM00659,+84114634177
EM00660,+84378135653
EM00660,+84256956573
EM00661,+84027092821
EM00661,+84537262904
EM00662,+84177556908
EM00662,+84233775612
EM00663,+84928786061
EM00664,+84685522410
EM00664,+84557620945
EM00665,+84559644597
EM00666,+84315806484
EM00666,+84548416940
EM00667,+84773783856
EM00668,+84874502735
EM00669,+84240569933
EM00670,+84746028672
EM00670,+84963615329
EM00671,+84131301270
EM00672,+84451785867
EM00672,+84294213223
EM00673,+84922258794
EM00674,+84403167953
EM00675,+84598714328
EM00676,+84782187021
EM00676,+84388730412
EM00677,+84823630144
EM00677,+84160833697
EM00678,+84900635857
EM00678,+84785032994
EM00679,+84988226448
EM00680,+84749964396
EM00681,+84982430086
EM00682,+84005576928
EM00682,+84613146192
EM00683,+84382530970
EM00683,+84935685615
EM00684,+84794137182
EM00685,+84010145738
EM00686,+84050755486
EM00686,+84666767881
EM00687,+84665215395
EM00687,+84591654190
EM00688,+84204733056
EM00689,+84175141818
EM00690,+84184066434
EM00690,+84949805226
EM00691,+84047403243
EM00692,+84315543142
EM00693,+84309480474
EM00694,+84449662287
EM00694,+84039690056
EM00695,+84520795566
EM00696,+84764900988
EM00696,+84007861202
EM00697,+84765721578
EM00697,+84136446406
EM00698,+84323345868
EM00699,+84009190069
EM00700,+84668598139
EM00701,+84801455750
EM00702,+84364700957
EM00703,+84305728805
EM00704,+84083128021
EM00704,+84388336758
EM00705,+84510917999
EM00705,+84793824233
EM00706,+84360541228
EM00707,+84985030050
EM00708,+84974178733
EM00709,+84475021088
EM00710,+84128570220
EM00711,+84234273914
EM00711,+84534301101
EM00712,+84107981498
EM00713,+84007988294
EM00714,+84279718674
EM00715,+84925863464
EM00715,+84296687388
EM00716,+84347741036
EM00717,+84635602848
EM00717,+84698097408
EM00718,+84373470186
EM00719,+84294213790
EM00720,+84501202192
EM00721,+84044130290
EM00722,+84144791798
EM00723,+84559712746
EM00723,+84028905824
EM00724,+84908567146
EM00724,+84300913564
EM00725,+84164771309
EM00726,+84048509266
EM00726,+84533357448
EM00727,+84141380831
EM00728,+84652372257
EM00729,+84983374372
EM00730,+84788694163
EM00731,+84714708717
EM00732,+84663751053
EM00733,+84450214911
EM00734,+84576381723
EM00734,+84914608361
EM00735,+84319008094
EM00736,+84937324412
EM00737,+84582258326
EM00738,+84306480606
EM00738,+84494789849
EM00739,+84243071011
EM00739,+84140735523
EM00740,+84191848039
EM00740,+84832860150
EM00741,+84902025948
EM00741,+84856843868
EM00742,+84944366424
EM00743,+84029226401
EM00743,+84367882463
EM00744,+84456019145
EM00745,+84606366470
EM00745,+84615440641
EM00746,+84931391963
EM00746,+84946516744
EM00747,+84655242332
EM00747,+84768085460
EM00748,+84828618405
EM00748,+84300950151
EM00749,+84653119520
EM00749,+84490778852
EM00750,+84005770145
EM00750,+84626088221
EM00751,+84725584869
EM00752,+84759035983
EM00753,+84586256613
EM00753,+84217367580
EM00754,+84835134635
EM00754,+84643913689
EM00755,+84127552629
EM00755,+84694073821
EM00756,+84688000652
EM00756,+84643072720
EM00757,+84689974084
EM00757,+84081863228
EM00758,+84606596507
EM00759,+84868341772
EM00759,+84451732272
EM00760,+84213158734
EM00760,+84219526592
EM00761,+84237318459
EM00761,+84344491411
EM00762,+84354503714
EM00762,+84105126110
EM00763,+84113603001
EM00764,+84673019664
EM00764,+84318577642
EM00765,+84061467008
EM00765,+84193674069
EM00766,+84454825830
EM00767,+84390787566
EM00767,+84721970114
EM00768,+84861952851
EM00768,+84566858854
EM00769,+84383387211
EM00769,+84100569845
EM00770,+84717759206
EM00770,+84075733618
EM00771,+84195994612
EM00772,+84643267956
EM00772,+84649151463
EM00773,+84857706460
EM00773,+84075643176
EM00774,+84940123158
EM00775,+84934294300
EM00776,+84537055954
EM00776,+84265653330
EM00777,+84064841320
EM00777,+84203573910
EM00778,+84051827776
EM00779,+84908929957
EM00780,+84108975461
EM00780,+84969068553
EM00781,+84442901760
EM00781,+84598898791
EM00782,+84125864111
EM00782,+84032459305
EM00783,+84949718628
EM00784,+84347616093
EM00784,+84152237547
EM00785,+84218578757
EM00785,+84860683043
EM00786,+84362525101
EM00787,+84202753115
EM00787,+84723549822
EM00788,+84029266371
EM00788,+84814297574
EM00789,+84508863656
EM00789,+84101362621
EM00790,+84845256417
EM00791,+84778395093
EM00791,+84786889077
EM00792,+84881944448
EM00792,+84663578308
EM00793,+84979393920
EM00794,+84773003431
EM00794,+84703622582
EM00795,+84758524657
EM00795,+84006368264
EM00796,+84724121142
EM00797,+84142124076
EM00797,+84708998093
EM00798,+84507443763
EM00799,+84621148063
EM00799,+84258317073
EM00800,+84691225913
EM00800,+84451837352
EM00801,+84239732709
EM00801,+84968306135
EM00802,+84050591293
EM00802,+84066147269
EM00803,+84291804706
EM00804,+84060784933
EM00805,+84607899509
EM00806,+84000694955
EM00806,+84532323869
EM00807,+84841454714
EM00807,+84913152954
EM00808,+84144397764
EM00808,+84656144990
EM00809,+84240243016
EM00810,+84488543663
EM00811,+84702883381
EM00812,+84063445599
EM00812,+84798534877
EM00813,+84237060698
EM00814,+84926644205
EM00814,+84102686011
EM00815,+84081902257
EM00816,+84632258795
EM00816,+84484299119
EM00817,+84929693732
EM00817,+84712746174
EM00818,+84636675005
EM00819,+84842893321
EM00819,+84619788641
EM00820,+84312033608
EM00821,+84466787359
EM00821,+84019230206
EM00822,+84731247298
EM00822,+84773295635
EM00823,+84181119327
EM00823,+84953643187
EM00824,+84809123593
EM00824,+84568259323
EM00825,+84249523941
EM00825,+84138862616
EM00826,+84835165182
EM00826,+84634624995
EM00827,+84049337224
EM00828,+84606215314
EM00829,+84907000050
EM00830,+84426551868
EM00831,+84798621359
EM00832,+84283428970
EM00832,+84823235623
EM00833,+84128673640
EM00834,+84834593048
EM00835,+84863858176
EM00836,+84655985586
EM00837,+84578397357
EM00837,+84275152599
EM00838,+84062603292
EM00838,+84826281058
EM00839,+84438847487
EM00839,+84438818316
EM00840,+84331957359
EM00841,+84456055083
EM00842,+84421292424
EM00842,+84912951697
EM00843,+84913500220
EM00844,+84078500598
EM00845,+84426036422
EM00845,+84396773810
EM00846,+84782294289
EM00846,+84766970867
EM00847,+84920062113
EM00848,+84128559294
EM00848,+84076571573
EM00849,+84498390626
EM00849,+84262964550
EM00850,+84070908244
EM00850,+84000829515
EM00851,+84471676433
EM00851,+84834249832
EM00852,+84677091891
EM00852,+84089189089
EM00853,+84199395630
EM00853,+84775244516
EM00854,+84118532194
EM00855,+84330768437
EM00855,+84793973465
EM00856,+84767438489
EM00857,+84705715244
EM00858,+84786378652
EM00859,+84559080543
EM00860,+84984248451
EM00861,+84104166822
EM00861,+84621600418
EM00862,+84981503760
EM00862,+84377744424
EM00863,+84631563690
EM00863,+84789105377
EM00864,+84798071031
EM00864,+84597607134
EM00865,+84319509797
EM00865,+84067756500
EM00866,+84123290602
EM00867,+84027777937
EM00867,+84371148347
EM00868,+84382418846
EM00868,+84705804287
EM00869,+84318982660
EM00870,+84271874429
EM00871,+84995522814
EM00872,+84121722836
EM00873,+84228445446
EM00873,+84157594757
EM00874,+84259427814
EM00875,+84049072389
EM00876,+84315612214
EM00876,+84140944243
EM00877,+84992421031
EM00877,+84897899633
EM00878,+84819145245
EM00879,+84811118203
EM00880,+84512796478
EM00880,+84715362979
EM00881,+84498372043
EM00881,+84693802943
EM00882,+84407935543
EM00883,+84298953695
EM00883,+84133059709
EM00884,+84209370373
EM00885,+84170427241
EM00885,+84305286717
EM00886,+84586510442
EM00887,+84876698998
EM00887,+84234657276
EM00888,+84449788256
EM00889,+84972071406
EM00889,+84180315482
EM00890,+84491648998
EM00891,+84872246256
EM00892,+84798501194
EM00893,+84719107779
EM00893,+84589508236
EM00894,+84430410521
EM00895,+84379870721
EM00895,+84344398275
EM00896,+84173999912
EM00896,+84069506833
EM00897,+84650178789
EM00897,+84040184332
EM00898,+84222298042
EM00898,+84235107844
EM00899,+84540746421
EM00899,+84807508011
EM00900,+84676934073
EM00901,+84738841980
EM00902,+84133505895
EM00902,+84823776656
EM00903,+84060621411
EM00903,+84049935592
EM00904,+84023870793
EM00905,+84106124755
EM00905,+84767268677
EM00906,+84981926343
EM00907,+84012165978
EM00907,+84012844842
EM00908,+84252663958
EM00908,+84086656404
EM00909,+84172605991
EM00909,+84201019085
EM00910,+84258992217
EM00911,+84148903141
EM00912,+84652145166
EM00912,+84955926917
EM00913,+84293772058
EM00913,+84913133505
EM00914,+84943079556
EM00914,+84792848945
EM00915,+84975148074
EM00915,+84903569982
EM00916,+84965096581
EM00917,+84422987547
EM00918,+84443407214
EM00918,+84135319755
EM00919,+84188269881
EM00920,+84345696121
EM00921,+84291215279
EM00921,+84273503856
EM00922,+84830210721
EM00923,+84122285040
EM00923,+84175441230
EM00924,+84342062497
EM00925,+84451238319
EM00926,+84242584463
EM00927,+84372726448
EM00927,+84795220583
EM00928,+84300559307
EM00929,+84927350274
EM00929,+84876933503
EM00930,+84920004157
EM00930,+84361858211
EM00931,+84637498746
EM00931,+84448808075
EM00932,+84454587443
EM00933,+84466545370
EM00934,+84351005953
EM00935,+84850526381
EM00936,+84424643333
EM00936,+84378756318
EM00937,+84002033413
EM00937,+84244736894
EM00938,+84995377884
EM00939,+84138348513
EM00940,+84000647650
EM00940,+84285070107
EM00941,+84044837669
EM00942,+84033902522
EM00943,+84414379368
EM00944,+84323899387
EM00944,+84175298697
EM00945,+84944881502
EM00946,+84711393183
EM00946,+84170764777
EM00947,+84972984176
EM00947,+84031623878
EM00948,+84857482132
EM00949,+84059473930
EM00949,+84080471756
EM00950,+84129940311
EM00950,+84220292083
EM00951,+84600827944
EM00952,+84723409390
EM00952,+84378776533
EM00953,+84926332524
EM00953,+84578621050
EM00954,+84784463712
EM00955,+84355376213
EM00956,+84271288901
EM00956,+84079838491
EM00957,+84374538985
EM00957,+84729350657
EM00958,+84507895906
EM00958,+84150177386
EM00959,+84510937642
EM00960,+84766284755
EM00961,+84556715939
EM00961,+84359619332
EM00962,+84110187838
EM00962,+84237129468
EM00963,+84222147489
EM00964,+84887934687
EM00964,+84458715961
EM00965,+84307856136
EM00965,+84761793211
EM00966,+84876083801
EM00967,+84168456832
EM00968,+84686593558
EM00968,+84059838879
EM00969,+84927736088
EM00970,+84451168039
EM00971,+84027923394
EM00971,+84909559448
EM00972,+84469440227
EM00973,+84852458349
EM00974,+84121076184
EM00975,+84828377303
EM00975,+84291991658
EM00976,+84010323424
EM00976,+84645809431
EM00977,+84580675709
EM00977,+84605321861
EM00978,+84000518027
EM00978,+84122573007
EM00979,+84789597582
EM00979,+84905337093
EM00980,+84983032337
EM00980,+84976399108
EM00981,+84161631181
EM00981,+84005007670
EM00982,+84407659090
EM00982,+84830923199
EM00983,+84343075369
EM00984,+84752995953
EM00985,+84014564557
EM00986,+84583555346
EM00987,+84515879494
EM00987,+84016014933
EM00988,+84922597365
EM00989,+84142783758
EM00989,+84817144718
EM00990,+84977014860
EM00991,+84817139523
EM00992,+84659085303
EM00993,+84886683552
EM00993,+84584484899
EM00994,+84580999790
EM00995,+84827677965
EM00996,+84341646770
EM00997,+84452931278
EM00998,+84707492244
EM00998,+84493008173
EM00999,+84276518023
EM00999,+84281072230
EM01000,+84064927706
EM01000,+84734733891
EM01001,+84925429114
EM01001,+84268731844
EM01002,+84681855122
EM01003,+84831318260
EM01004,+84159974737
EM01005,+84026501356
EM01005,+84804205138
EM01006,+84242776013
EM01006,+84291420198
EM01007,+84039094909
EM01008,+84123790980
EM01008,+84778880843
EM01009,+84177974563
EM01010,+84254775615
EM01011,+84965652125
EM01012,+84241158718
EM01013,+84062866902
EM01013,+84669280008
EM01014,+84733445090
EM01014,+84435657434
EM01015,+84729236734
EM01016,+84832813436
EM01017,+84427442540
EM01017,+84395271631
EM01018,+84530177881
EM01019,+84091642996
EM01020,+84179203020
EM01020,+84599030333
EM01021,+84536240377
EM01021,+84310106713
EM01022,+84525020983
EM01022,+84087567702
EM01023,+84950297054
EM01023,+84197224871
EM01024,+84586037676
EM01025,+84324175718
EM01025,+84869525624
EM01026,+84254367125
EM01027,+84604346684
EM01028,+84343931948
EM01028,+84529915498
EM01029,+84658843342
EM01029,+84989245594
EM01030,+84357950300
EM01031,+84942766263
EM01032,+84039261087
EM01033,+84378456816
EM01033,+84512298910
EM01034,+84922967297
EM01034,+84387731999
EM01035,+84870499241
EM01036,+84078748499
EM01037,+84399268540
EM01037,+84191500998
EM01038,+84925642668
EM01039,+84238039622
EM01040,+84487232922
EM01040,+84402403053
EM01041,+84243923546
EM01041,+84199518294
EM01042,+84822574411
EM01043,+84999931870
EM01044,+84989142583
EM01045,+84194835803
EM01046,+84743803815
EM01047,+84058217313
EM01048,+84099982725
EM01049,+84013080435
EM01049,+84824883174
EM01050,+84589184441
EM01051,+84928202209
EM01051,+84528462830
EM01052,+84020558999
EM01052,+84403044665
EM01053,+84185615032
EM01053,+84086654179
EM01054,+84392400146
EM01054,+84224186625
EM01055,+84715090960
EM01056,+84616004905
EM01057,+84468677464
EM01058,+84717311206
EM01058,+84621819387
EM01059,+84119464832
EM01059,+84458021001
EM01060,+84927994515
EM01061,+84617729140
EM01062,+84163417598
EM01062,+84357963942
EM01063,+84277695809
EM01064,+84267971724
EM01065,+84366208387
EM01066,+84279140374
EM01066,+84915713768
EM01067,+84717461750
EM01067,+84889773021
EM01068,+84161367021
EM01069,+84167439765
EM01069,+84089706427
EM01070,+84185191026
EM01071,+84419142473
EM01072,+84451913625
EM01072,+84879553037
EM01073,+84613298743
EM01073,+84228218330
EM01074,+84514492293
EM01074,+84428261799
EM01075,+84569915849
EM01075,+84474669831
EM01076,+84068729158
EM01076,+84297630339
EM01077,+84888412029
EM01078,+84794194020
EM01079,+84030230683
EM01079,+84573270664
EM01080,+84531630084
EM01080,+84862252501
EM01081,+84357280230
EM01082,+84312072844
EM01083,+84396334619
EM01084,+84781347560
EM01085,+84891336299
EM01085,+84471963754
EM01086,+84190982313
EM01087,+84363085200
EM01087,+84569893713
EM01088,+84490012991
EM01089,+84170946698
EM01090,+84022443683
EM01090,+84914682921
EM01091,+84550088710
EM01092,+84696562139
EM01092,+84608415341
EM01093,+84245571288
EM01093,+84314379382
EM01094,+84258845600
EM01094,+84628232399
EM01095,+84601413549
EM01096,+84650889949
EM01096,+84474944730
EM01097,+84953685907
EM01097,+84846695920
EM01098,+84523536449
EM01098,+84433046638
EM01099,+84409788048
EM01100,+84729494269
EM01101,+84337435775
EM01101,+84427739921
EM01102,+84025858088
EM01103,+84803542517
EM01103,+84291330017
EM01104,+84771793167
EM01105,+84685780969
EM01105,+84546613813
EM01106,+84195833406
EM01106,+84855906023
EM01107,+84584893810
EM01107,+84519752027
EM01108,+84304605760
EM01108,+84934716155
EM01109,+84868926781
EM01109,+84869185363
EM01110,+84042651317
EM01110,+84996876128
EM01111,+84573115768
EM01111,+84499034546
EM01112,+84362072144
EM01112,+84373525404
EM01113,+84856587848
EM01113,+84161292045
EM01114,+84826320644
EM01114,+84948073367
EM01115,+84834573081
EM01115,+84634244296
EM01116,+84934873865
EM01117,+84515676921
EM01117,+84604848315
EM01118,+84892060020
EM01119,+84264191485
EM01119,+84199851285
EM01120,+84355063779
EM01121,+84320790821
EM01122,+84603370930
EM01122,+84372686017
EM01123,+84332443511
EM01123,+84218103822
EM01124,+84693459203
EM01124,+84552304769
EM01125,+84463522960
EM01125,+84966230762
EM01126,+84520874816
EM01126,+84454763712
EM01127,+84575579314
EM01127,+84057456407
EM01128,+84778206458
EM01128,+84002942287
EM01129,+84895984909
EM01130,+84270430317
EM01131,+84778921858
EM01132,+84577064896
EM01132,+84576517035
EM01133,+84795482295
EM01134,+84656257732
EM01134,+84475637810
EM01135,+84563606043
EM01135,+84221628595
EM01136,+84403713396
EM01137,+84229527117
EM01138,+84038328270
EM01139,+84975773657
EM01140,+84520765056
EM01140,+84866442114
EM01141,+84396842706
EM01141,+84450370602
EM01142,+84475175920
EM01142,+84664464442
EM01143,+84867142552
EM01144,+84289819106
EM01144,+84293891206
EM01145,+84236411109
EM01146,+84254458332
EM01147,+84841021105
EM01148,+84936143051
EM01149,+84250477722
EM01150,+84211573127
EM01150,+84595552703
EM01151,+84388919780
EM01152,+84761899228
EM01152,+84914610951
EM01153,+84988408012
EM01153,+84621296511
EM01154,+84663685821
EM01154,+84493809513
EM01155,+84296449830
EM01156,+84384963297
EM01157,+84934264229
EM01158,+84302018637
EM01158,+84527066751
EM01159,+84232948162
EM01160,+84189294948
EM01161,+84042865422
EM01162,+84177699247
EM01163,+84010404658
EM01164,+84292774695
EM01165,+84391268732
EM01165,+84407255085
EM01166,+84659920074
EM01167,+84971471003
EM01167,+84287903423
EM01168,+84419464713
EM01169,+84062550851
EM01169,+84114390224
EM01170,+84433995926
EM01170,+84091822894
EM01171,+84892173648
EM01171,+84766037603
EM01172,+84357278030
EM01173,+84275270248
EM01173,+84223393184
EM01174,+84268182667
EM01175,+84995606780
EM01175,+84453175167
EM01176,+84372400247
EM01177,+84116379468
EM01177,+84603253830
EM01178,+84352894261
EM01179,+84347506157
EM01179,+84800178830
EM01180,+84478231626
EM01180,+84276986161
EM01181,+84288494799
EM01182,+84097160495
EM01183,+84596523355
EM01184,+84051516060
EM01185,+84988283450
EM01186,+84639730551
EM01187,+84828073468
EM01188,+84260337771
EM01189,+84178026560
EM01189,+84919327837
EM01190,+84841655161
EM01190,+84772725314
EM01191,+84357231202
EM01192,+84059611401
EM01192,+84556712932
EM01193,+84277182586
EM01194,+84598705072
EM01195,+84728356842
EM01196,+84903051545
EM01197,+84866989555
EM01197,+84477778664
EM01198,+84544209105
EM01198,+84119563917
EM01199,+84331168116
EM01199,+84283474542
EM01200,+84643161079
EM01201,+84823708204
EM01201,+84875020183
EM01202,+84850103966
EM01203,+84001101376
EM01203,+84236192163
EM01204,+84556762120
EM01204,+84878766164
EM01205,+84942303118
EM01205,+84093887440
EM01206,+84649958853
EM01207,+84183442831
EM01208,+84440771726
EM01208,+84086252698
EM01209,+84290541822
EM01209,+84595060629
EM01210,+84844396654
EM01210,+84942245670
EM01211,+84592169243
EM01212,+84837030939
EM01212,+84917293672
EM01213,+84088775068
EM01213,+84833011905
EM01214,+84241405205
EM01214,+84426330435
EM01215,+84955040827
EM01215,+84177535018
EM01216,+84019150932
EM01216,+84121430522
EM01217,+84438526059
EM01217,+84401019077
EM01218,+84108198653
EM01219,+84671773516
EM01220,+84320315058
EM01221,+84512952824
EM01221,+84978713964
EM01222,+84643486187
EM01223,+84309796615
EM01224,+84764912519
EM01224,+84048651223
EM01225,+84420568303
EM01226,+84809722834
EM01226,+84633970937
EM01227,+84952158250
EM01227,+84085240948
EM01228,+84357974029
EM01229,+84705187744
EM01229,+84775345674
EM01230,+84116444038
EM01230,+84579158170
EM01231,+84964093529
EM01231,+84644194714
EM01232,+84052707497
EM01233,+84452504932
EM01233,+84190986724
EM01234,+84787855317
EM01234,+84183670072
EM01235,+84118561501
EM01235,+84586678258
EM01236,+84287468958
EM01236,+84370575091
EM01237,+84449427049
EM01237,+84971698913
EM01238,+84994363071
EM01239,+84233772144
EM01239,+84896693271
EM01240,+84831293424
EM01240,+84035001374
EM01241,+84364972591
EM01241,+84421128884
EM01242,+84596867515
EM01242,+84284402080
EM01243,+84701961064
EM01243,+84886708286
EM01244,+84943694473
EM01244,+84097764691
EM01245,+84168864637
EM01246,+84003235424
EM01247,+84993463966
EM01248,+84812323852
EM01249,+84652416789
EM01250,+84307965580
EM01250,+84051911696
EM01251,+84628318412
EM01252,+84303383004
EM01253,+84238597036
EM01254,+84556079158
EM01254,+84110565066
EM01255,+84933065281
EM01255,+84021027082
EM01256,+84904700996
EM01256,+84437449464
EM01257,+84616133344
EM01258,+84128309867
EM01258,+84868531252
EM01259,+84020072350
EM01259,+84693588071
EM01260,+84285858434
EM01260,+84423644535
EM01261,+84655829697
EM01262,+84135668888
EM01263,+84354196081
EM01264,+84295614652
EM01264,+84584919999
EM01265,+84689215204
EM01265,+84168218584
EM01266,+84088880110
EM01267,+84213690809
EM01268,+84366444668
EM01268,+84026677503
EM01269,+84115748766
EM01270,+84349895705
EM01271,+84834950908
EM01271,+84460255294
EM01272,+84454893589
EM01273,+84441825257
EM01273,+84086470117
EM01274,+84026659481
EM01275,+84483361898
EM01276,+84236189186
EM01277,+84462653641
EM01278,+84485383392
EM01278,+84164409779
EM01279,+84645079559
EM01280,+84009929801
EM01281,+84942626082
EM01281,+84782669264
EM01282,+84152071753
EM01282,+84580029346
EM01283,+84062890571
EM01283,+84167943518
EM01284,+84048900468
EM01285,+84477313800
EM01285,+84084596248
EM01286,+84450291079
EM01287,+84007493998
EM01288,+84870727577
EM01289,+84594675071
EM01290,+84267053081
EM01291,+84976422666
EM01292,+84465603440
EM01292,+84685071027
EM01293,+84610666153
EM01294,+84561419811
EM01295,+84945035984
EM01296,+84648216666
EM01296,+84693753688
EM01297,+84414434750
EM01298,+84265965899
EM01299,+84958127713
EM01299,+84062741731
EM01300,+84211984940
EM01300,+84238165049
EM01301,+84275528832
EM01301,+84387446768
EM01302,+84624963058
EM01302,+84214192128
EM01303,+84135657825
EM01303,+84484894624
EM01304,+84009900906
EM01304,+84869724540
EM01305,+84495999394
EM01306,+84144148356
EM01306,+84736675096
EM01307,+84368318715
EM01307,+84163358540
EM01308,+84605741851
EM01309,+84928166073
EM01309,+84841372926
EM01310,+84508915218
EM01311,+84098696598
EM01312,+84737226265
EM01312,+84243130915
EM01313,+84520856788
EM01313,+84805792827
EM01314,+84980418672
EM01315,+84750337251
EM01316,+84861293993
EM01317,+84126631186
EM01318,+84156977005
EM01319,+84796533729
EM01320,+84868739691
EM01321,+84017587698
EM01322,+84425955917
EM01322,+84536283364
EM01323,+84341655165
EM01323,+84353806362
EM01324,+84285981568
EM01325,+84217781203
EM01325,+84298258086
EM01326,+84068281292
EM01327,+84246573273
EM01327,+84701802134
EM01328,+84706614404
EM01329,+84895598526
EM01329,+84367869226
EM01330,+84705393164
EM01331,+84623837678
EM01332,+84138188307
EM01332,+84376908517
EM01333,+84635508051
EM01333,+84778197029
EM01334,+84026850710
EM01334,+84669131306
EM01335,+84461446058
EM01336,+84889394879
EM01336,+84128060348
EM01337,+84623642853
EM01337,+84866662500
EM01338,+84830167992
EM01338,+84699436030
EM01339,+84813350093
EM01339,+84402789797
EM01340,+84459167310
EM01340,+84692126191
EM01341,+84075223770
EM01341,+84103255273
EM01342,+84731828115
EM01342,+84421773125
EM01343,+84985508417
EM01343,+84362141806
EM01344,+84783522002
EM01345,+84735035283
EM01345,+84936148383
EM01346,+84659712924
EM01347,+84378882851
EM01347,+84839202612
EM01348,+84867457244
EM01348,+84653872580
EM01349,+84820245763
EM01350,+84499959938
EM01350,+84819968703
EM01351,+84254177635
EM01351,+84902697057
EM01352,+84230905657
EM01353,+84194711500
EM01354,+84490487194
EM01355,+84109245935
EM01355,+84021612446
EM01356,+84682269371
EM01357,+84818044836
EM01358,+84760961830
EM01358,+84299998737
EM01359,+84728634714
EM01360,+84371360273
EM01361,+84814092526
EM01362,+84270939241
EM01362,+84938635710
EM01363,+84006726945
EM01363,+84433665403
EM01364,+84491048648
EM01364,+84887630339
EM01365,+84153762211
EM01366,+84360494313
EM01366,+84487825240
EM01367,+84267356519
EM01368,+84836141241
EM01368,+84580004155
EM01369,+84345787080
EM01370,+84217289076
EM01370,+84146106915
EM01371,+84159863838
EM01372,+84201560182
EM01372,+84286507728
EM01373,+84735897108
EM01373,+84328608265
EM01374,+84813181929
EM01374,+84638728832
EM01375,+84691543114
EM01376,+84189976194
EM01376,+84450513850
EM01377,+84301048011
EM01378,+84271543494
EM01379,+84041009583
EM01379,+84414460998
EM01380,+84256109845
EM01381,+84515437188
EM01381,+84922793181
EM01382,+84006401408
EM01382,+84823932284
EM01383,+84638920284
EM01383,+84159652750
EM01384,+84078624891
EM01385,+84496078464
EM01386,+84711454218
EM01386,+84263204992
EM01387,+84834695191
EM01387,+84724598760
EM01388,+84660078042
EM01389,+84122965943
EM01389,+84825082141
EM01390,+84510307805
EM01390,+84311035577
EM01391,+84136184517
EM01392,+84725399783
EM01393,+84073395545
EM01393,+84947431249
EM01394,+84973955708
EM01395,+84713240888
EM01396,+84101307475
EM01397,+84800230680
EM01398,+84442252331
EM01398,+84399780120
EM01399,+84054590750
EM01399,+84087355600
EM01400,+84473324823
EM01400,+84596268612
EM01401,+84953827162
EM01401,+84673028215
EM01402,+84602149241
EM01402,+84433469923
EM01403,+84526033166
EM01404,+84023716435
EM01404,+84952443841
EM01405,+84724368791
EM01406,+84336920298
EM01407,+84100438031
EM01408,+84992326778
EM01408,+84147522328
EM01409,+84980464319
EM01410,+84789391492
EM01410,+84225986470
EM01411,+84739379865
EM01411,+84690492350
EM01412,+84762839241
EM01412,+84648174449
EM01413,+84490465309
EM01414,+84005067784
EM01414,+84047757235
EM01415,+84123850501
EM01415,+84996028704
EM01416,+84179592144
EM01417,+84500006365
EM01417,+84514511935
EM01418,+84977820374
EM01419,+84653590335
EM01420,+84544337623
EM01421,+84771597990
EM01422,+84545305118
EM01423,+84151844675
EM01424,+84117169998
EM01425,+84260686397
EM01426,+84300790968
EM01426,+84356181316
EM01427,+84779872863
EM01428,+84159252818
EM01429,+84996509148
EM01429,+84647376130
EM01430,+84547292738
EM01430,+84552786667
EM01431,+84339525140
EM01432,+84970712135
EM01432,+84306136627
EM01433,+84380045528
EM01433,+84853298482
EM01434,+84385082672
EM01435,+84008507996
EM01436,+84187004898
EM01436,+84015854192
EM01437,+84248937506
EM01438,+84199085826
EM01438,+84500280636
EM01439,+84514934666
EM01440,+84487584708
EM01440,+84329919911
EM01441,+84878669359
EM01441,+84641082267
EM01442,+84712193200
EM01442,+84490285946
EM01443,+84670788865
EM01443,+84800861940
EM01444,+84436666152
EM01445,+84138393080
EM01445,+84034064425
EM01446,+84468108415
EM01446,+84580989408
EM01447,+84550121267
EM01447,+84287391602
EM01448,+84872290779
EM01449,+84379699731
EM01450,+84219335397
EM01450,+84841326946
EM01451,+84313085094
EM01451,+84644144349
EM01452,+84490828185
EM01452,+84946555537
EM01453,+84415201358
EM01453,+84437397999
EM01454,+84485320801
EM01454,+84940217678
EM01455,+84346094275
EM01455,+84842470277
EM01456,+84567167639
EM01457,+84009758738
EM01458,+84392306586
EM01458,+84669867052
EM01459,+84667283107
EM01460,+84786513625
EM01461,+84179031354
EM01461,+84861671405
EM01462,+84373877936
EM01462,+84962286253
EM01463,+84172398936
EM01463,+84642333435
EM01464,+84169117312
EM01464,+84689279800
EM01465,+84808648996
EM01465,+84410415546
EM01466,+84495660604
EM01467,+84636897445
EM01467,+84085425511
EM01468,+84713060982
EM01468,+84002541222
EM01469,+84870047580
EM01470,+84552637930
EM01471,+84750155074
EM01472,+84905211067
EM01473,+84391577929
EM01474,+84279446007
EM01474,+84632544609
EM01475,+84033727348
EM01476,+84624851320
EM01476,+84495632264
EM01477,+84290468643
EM01477,+84715837100
EM01478,+84730479564
EM01478,+84589505627
EM01479,+84593780822
EM01480,+84422158117
EM01481,+84402656925
EM01481,+84817570570
EM01482,+84624074596
EM01482,+84459533436
EM01483,+84581951137
EM01483,+84711737366
EM01484,+84893788084
EM01484,+84864831450
EM01485,+84741019373
EM01485,+84647040493
EM01486,+84073693844
EM01486,+84619028782
EM01487,+84005959829
EM01487,+84666956478
EM01488,+84911319164
EM01488,+84728165892
EM01489,+84396581953
EM01489,+84498990166
EM01490,+84561130755
EM01490,+84809602422
EM01491,+84256883814
EM01492,+84688193130
EM01492,+84390726678
EM01493,+84653943812
EM01494,+84499610893
EM01495,+84740403176
EM01496,+84094838675
EM01496,+84546020925
EM01497,+84961086054
EM01498,+84494999192
EM01499,+84879342584
EM01499,+84761605165
EM01500,+84136704790
EM01501,+84801002110
EM01502,+84770429154
EM01502,+84087274333
EM01503,+84638310324
EM01503,+84825009228
EM01504,+84951684660
EM01504,+84669123471
EM01505,+84481863654
EM01505,+84131206844
EM01506,+84031131053
EM01506,+84025193739
EM01507,+84713861263
EM01507,+84192188053
EM01508,+84610131465
EM01509,+84785786880
EM01509,+84211176785
EM01510,+84916298556
EM01511,+84844073052
EM01511,+84522385755
EM01512,+84316305466
EM01512,+84358096519
EM01513,+84461808879
EM01513,+84110392656
EM01514,+84958075272
EM01515,+84365361361
EM01515,+84995243088
EM01516,+84056067122
EM01516,+84857779493
EM01517,+84187648652
EM01517,+84036410354
EM01518,+84554110701
EM01519,+84825251305
EM01520,+84115294829
EM01520,+84189247086
EM01521,+84389571287
EM01521,+84635324164
EM01522,+84946564313
EM01522,+84278306300
EM01523,+84826124316
EM01523,+84202502759
EM01524,+84173968634
EM01525,+84045763266
EM01526,+84360859780
EM01527,+84713398713
EM01527,+84113507750
EM01528,+84765044118
EM01528,+84673883478
EM01529,+84284530584
EM01529,+84768955144
EM01530,+84870212313
EM01530,+84761754543
EM01531,+84726061250
EM01532,+84552378456
EM01532,+84322761314
EM01533,+84032329739
EM01534,+84848727891
EM01535,+84518296550
EM01535,+84144171524
EM01536,+84543403383
EM01536,+84096525029
EM01537,+84804752573
EM01537,+84213660329
EM01538,+84080334361
EM01538,+84292239007
EM01539,+84878808190
EM01539,+84188334356
EM01540,+84382934945
EM01541,+84996826010
EM01542,+84274924314
EM01542,+84858570299
EM01543,+84902285606
EM01543,+84058409700
EM01544,+84195077987
EM01545,+84439138583
EM01545,+84178296505
EM01546,+84097257996
EM01546,+84094320169
EM01547,+84490270003
EM01548,+84354713373
EM01548,+84056906481
EM01549,+84106085842
EM01550,+84456969143
EM01550,+84687751725
EM01551,+84509729950
EM01551,+84034288602
EM01552,+84406416199
EM01552,+84335853135
EM01553,+84389897012
EM01554,+84514777501
EM01555,+84864608875
EM01556,+84691811191
EM01557,+84266600432
EM01558,+84733452507
EM01559,+84669877061
EM01559,+84832537007
EM01560,+84957564335
EM01561,+84744374106
EM01561,+84917750124
EM01562,+84311027762
EM01562,+84072201637
EM01563,+84487689038
EM01564,+84355720594
EM01564,+84397351207
EM01565,+84950058115
EM01565,+84256773334
EM01566,+84353004312
EM01566,+84312257169
EM01567,+84935499293
EM01567,+84840890860
EM01568,+84215771583
EM01568,+84740128850
EM01569,+84439879513
EM01570,+84655073583
EM01571,+84071901372
EM01572,+84683293935
EM01573,+84452700124
EM01574,+84636982821
EM01574,+84938017057
EM01575,+84614492583
EM01575,+84425888474
EM01576,+84625084981
EM01577,+84900583353
EM01578,+84203940646
EM01578,+84551148101
EM01579,+84316083719
EM01579,+84932972357
EM01580,+84541976149
EM01581,+84179884763
EM01581,+84831214150
EM01582,+84385443529
EM01582,+84287048533
EM01583,+84717049093
EM01583,+84775014875
EM01584,+84945548542
EM01585,+84254690384
EM01585,+84493259480
EM01586,+84405035046
EM01587,+84887685114
EM01587,+84760168757
EM01588,+84980726125
EM01588,+84769366795
EM01589,+84583107839
EM01590,+84854310825
EM01591,+84976197380
EM01592,+84495632349
EM01592,+84242670926
EM01593,+84448278523
EM01594,+84776103891
EM01595,+84753572430
EM01595,+84772137761
EM01596,+84148292738
EM01596,+84762765704
EM01597,+84212677854
EM01598,+84510980457
EM01599,+84666226373
EM01599,+84521671995
EM01600,+84856163696
EM01600,+84723319879
EM01601,+84906233637
EM01602,+84382729379
EM01602,+84361007306
EM01603,+84686672158
EM01603,+84287974383
EM01604,+84766763045
EM01604,+84907373797
EM01605,+84540098637
EM01605,+84146443700
EM01606,+84494121064
EM01606,+84209219200
EM01607,+84513587682
EM01607,+84942939508
EM01608,+84965618095
EM01608,+84868921241
EM01609,+84826395130
EM01609,+84325022309
EM01610,+84139574997
EM01610,+84408996927
EM01611,+84989208130
EM01612,+84355240217
EM01612,+84628027774
EM01613,+84794327159
EM01614,+84164554344
EM01615,+84603430776
EM01616,+84681295777
EM01617,+84033867210
EM01618,+84139105259
EM01619,+84014869247
EM01620,+84267801664
EM01621,+84108876267
EM01622,+84360079468
EM01623,+84588226938
EM01624,+84883973089
EM01625,+84422239127
EM01625,+84598335470
EM01626,+84495632949
EM01627,+84918690899
EM01627,+84219779043
EM01628,+84749003899
EM01628,+84139892526
EM01629,+84121453041
EM01629,+84207223445
EM01630,+84510429963
EM01631,+84567252841
EM01632,+84100198776
EM01632,+84776543055
EM01633,+84514214251
EM01633,+84458951294
EM01634,+84675500430
EM01635,+84141368654
EM01635,+84474289393
EM01636,+84573240489
EM01636,+84714519868
EM01637,+84383555286
EM01638,+84222304675
EM01638,+84863015250
EM01639,+84509380584
EM01639,+84322418007
EM01640,+84120439316
EM01641,+84060233122
EM01641,+84132904316
EM01642,+84918514072
EM01642,+84838123874
EM01643,+84605092676
EM01643,+84037502504
EM01644,+84518036043
EM01645,+84354300601
EM01646,+84440419444
EM01646,+84261230548
EM01647,+84589983458
EM01648,+84311678772
EM01648,+84813030217
EM01649,+84783347350
EM01650,+84818971275
EM01650,+84083175396
EM01651,+84426276801
EM01651,+84848555268
EM01652,+84587509422
EM01652,+84365580397
EM01653,+84412168862
EM01654,+84003910684
EM01654,+84764855494
EM01655,+84624450853
EM01656,+84379025729
EM01657,+84629749631
EM01658,+84038434788
EM01658,+84800664515
EM01659,+84656879313
EM01659,+84293881185
EM01660,+84321195733
EM01661,+84933641123
EM01661,+84681356859
EM01662,+84114450012
EM01662,+84415266184
EM01663,+84673770223
EM01663,+84944516165
EM01664,+84156798719
EM01665,+84713587926
EM01666,+84690244887
EM01667,+84771495000
EM01668,+84495878195
EM01669,+84808588919
EM01670,+84905853768
EM01671,+84372858751
EM01671,+84988608383
EM01672,+84094461141
EM01673,+84145379516
EM01674,+84884174869
EM01674,+84420911221
EM01675,+84995685272
EM01675,+84275971741
EM01676,+84389401571
EM01677,+84977353550
EM01677,+84986688233
EM01678,+84972177584
EM01678,+84741460523
EM01679,+84355961465
EM01679,+84479594602
EM01680,+84109270293
EM01680,+84767014040
EM01681,+84521325205
EM01681,+84500832153
EM01682,+84677263247
EM01683,+84034558484
EM01684,+84908988299
EM01684,+84282198670
EM01685,+84083085209
EM01686,+84881216796
EM01687,+84294529246
EM01688,+84748578188
EM01688,+84127762575
EM01689,+84568948325
EM01690,+84466705895
EM01691,+84747083565
EM01691,+84780866581
EM01692,+84081879793
EM01693,+84134262026
EM01694,+84029897252
EM01695,+84164787371
EM01695,+84283506018
EM01696,+84867867125
EM01697,+84957948147
EM01697,+84440856040
EM01698,+84009540041
EM01698,+84906972489
EM01699,+84591678415
EM01700,+84283235650
EM01700,+84915257534
EM01701,+84085517745
EM01702,+84713312266
EM01702,+84191322537
EM01703,+84673347181
EM01703,+84803438962
EM01704,+84594899000
EM01704,+84970523245
EM01705,+84204977772
EM01705,+84110170904
EM01706,+84742745370
EM01707,+84945084407
EM01708,+84066164121
EM01709,+84719073159
EM01709,+84240651322
EM01710,+84199894568
EM01710,+84413045472
EM01711,+84506888765
EM01711,+84089129064
EM01712,+84523494417
EM01713,+84187449828
EM01713,+84283563081
EM01714,+84163388581
EM01715,+84688283641
EM01716,+84448012430
EM01716,+84445765776
EM01717,+84853908114
EM01717,+84341181256
EM01718,+84264721415
EM01719,+84929599953
EM01719,+84282139801
EM01720,+84758655059
EM01721,+84380247798
EM01721,+84360208300
EM01722,+84469639734
EM01722,+84527492974
EM01723,+84644933484
EM01723,+84064485259
EM01724,+84146715882
EM01724,+84961428932
EM01725,+84025278262
EM01726,+84133510014
EM01726,+84124059182
EM01727,+84712446290
EM01727,+84394609274
EM01728,+84879158581
EM01728,+84933839724
EM01729,+84094802232
EM01729,+84931959716
EM01730,+84130500375
EM01730,+84168526974
EM01731,+84547843190
EM01732,+84080830089
EM01732,+84582041566
EM01733,+84685755600
EM01733,+84777937423
EM01734,+84728264570
EM01735,+84667073085
EM01735,+84433409991
EM01736,+84184246160
EM01737,+84970744350
EM01737,+84701792911
EM01738,+84060804174
EM01739,+84413737670
EM01740,+84959427672
EM01740,+84397879232
EM01741,+84612094153
EM01742,+84988556321
EM01743,+84264136604
EM01743,+84674346073
EM01744,+84799394748
EM01744,+84392797901
EM01745,+84539029138
EM01745,+84198664889
EM01746,+84181997674
EM01746,+84532771569
EM01747,+84184495279
EM01747,+84500203563
EM01748,+84568420985
EM01749,+84131098871
EM01750,+84567031245
EM01750,+84827731472
EM01751,+84379537464
EM01751,+84985750859
EM01752,+84233300003
EM01753,+84052912298
EM01754,+84134018211
EM01754,+84580035921
EM01755,+84853295401
EM01755,+84446175867
EM01756,+84619553345
EM01756,+84367202539
EM01757,+84015995461
EM01757,+84209568377
EM01758,+84898315503
EM01759,+84281866313
EM01759,+84098582226
EM01760,+84244866009
EM01761,+84638604041
EM01761,+84910892232
EM01762,+84916270216
EM01762,+84782944909
EM01763,+84569462408
EM01764,+84370331375
EM01764,+84670299050
EM01765,+84045918023
EM01766,+84746386850
EM01767,+84560801359
EM01768,+84537528464
EM01769,+84958488222
EM01769,+84524388427
EM01770,+84593282083
EM01770,+84417112859
EM01771,+84379424072
EM01772,+84949678611
EM01772,+84464605506
EM01773,+84166854028
EM01773,+84504491518
EM01774,+84972778609
EM01774,+84657115985
EM01775,+84079986316
EM01776,+84494903253
EM01777,+84905250915
EM01777,+84833065216
EM01778,+84768759040
EM01778,+84097936514
EM01779,+84449291609
EM01779,+84395876980
EM01780,+84425468643
EM01781,+84391670624
EM01781,+84100671467
EM01782,+84683114840
EM01783,+84205273483
EM01783,+84413540372
EM01784,+84021087186
EM01784,+84276532083
EM01785,+84096159893
EM01785,+84701515454
EM01786,+84219118385
EM01786,+84390621717
EM01787,+84052264058
EM01788,+84189478426
EM01789,+84353801825
EM01789,+84964131416
EM01790,+84847381388
EM01790,+84031139165
EM01791,+84175575380
EM01791,+84995106223
EM01792,+84557129557
EM01793,+84397442176
EM01794,+84256849202
EM01795,+84665980589
EM01795,+84798648810
EM01796,+84600588884
EM01797,+84117140252
EM01798,+84674603577
EM01799,+84658502588
EM01800,+84758624808
EM01801,+84273361931
EM01801,+84234266369
EM01802,+84577348197
EM01802,+84963514092
EM01803,+84493055240
EM01804,+84709878371
EM01804,+84337565829
EM01805,+84793942108
EM01806,+84414617738
EM01806,+84811642835
EM01807,+84344033169
EM01808,+84688594461
EM01809,+84271572986
EM01809,+84671253324
EM01810,+84025259663
EM01810,+84477549531
EM01811,+84607005543
EM01811,+84024531743
EM01812,+84486083765
EM01812,+84696587205
EM01813,+84000528304
EM01814,+84253425882
EM01815,+84251850029
EM01815,+84593197692
EM01816,+84447743300
EM01817,+84811472884
EM01817,+84903579526
EM01818,+84387563565
EM01819,+84751970026
EM01819,+84059882913
EM01820,+84749949072
EM01820,+84847528224
